Id,LONGDIST,International,LOCAL,DROPPED,AGE,SEX,STATUS,CHILDREN,Est_Income,Car_Owner,CHURNED
0,5.2464,7.5151,86.3278,0,57,0,1,2,27535.3,1,1
3,0,0,3.94229,0,50,0,0,2,64632.3,0,1
4,5.55564,0,9.36347,1,68,0,1,2,81000.9,0,1
8,14.0193,5.68043,29.8065,0,34,1,0,0,87467.1,1,0
10,13.664,2.95642,32.6381,0,60,1,1,2,83220.6,0,1
11,0,0,1.41294,0,84,0,0,0,50290.7,0,1
13,0.281029,0,8.53692,0,28,0,1,2,20850.4,0,1
17,1.577,0,19.9808,0,52,1,0,0,84112.6,0,0
19,11.0307,0,34.2777,0,87,0,0,2,3776.12,0,1
20,0.452629,0,73.0122,0,88,0,1,2,73865.9,1,1
22,3.72883,0,18.8474,0,76,1,1,2,30933.6,1,0
23,20.2946,0,76.0518,0,76,0,1,1,12309.6,0,1
26,10.3701,2.15279,24.6683,0,87,1,0,0,69864,0,1
28,20.2685,0,102.864,0,90,0,1,0,91620.6,0,0
30,25.5278,0.746981,5.18571,0,62,1,0,0,96501.9,1,0
31,26.4952,0,31.0847,0,81,1,0,1,3968.54,0,0
32,8.08211,0,10.5858,0,50,0,1,2,13774.2,0,1
33,2.94583,0.261446,77.238,0,48,1,0,2,39428.2,0,0
40,24.3456,0,62.826,0,37,0,0,2,4988.14,0,0
42,8.86499,4.43676,43.6439,0,55,1,0,2,85753.8,0,1
49,26.8624,0,15.4922,0,21,1,1,2,23564.1,0,1
55,17.2085,8.94192,138.045,0,42,1,0,0,37661,0,0
59,24.5781,0,80.7466,0,71,1,1,2,99064,0,0
64,21.5021,0,47.2196,0,94,0,1,0,87251.8,1,1
65,9.70314,1.20274,12.1824,0,33,0,1,0,2974.76,1,1
69,0,0,4.6195,0,21,1,0,0,23893.9,0,1
71,0,0,2.36223,0,81,1,1,0,23289.7,0,1
72,27.3317,0,23.8602,0,86,0,0,2,92885.9,0,0
73,6.67147,0,77.2515,0,54,1,1,2,11676.2,0,0
78,13.6442,0,19.5464,1,19,0,1,0,27842.1,0,1
80,20.5688,3.27443,23.342,0,18,0,1,1,9925.68,0,1
83,0,0,0.353182,0,63,1,1,1,9049.57,0,1
84,12.29,7.80039,47.4584,1,75,1,1,2,17562.9,1,0
89,17.4133,0,28.1302,0,62,1,1,0,50676,0,0
92,4.71852,0,57.7746,0,23,0,0,2,8383.47,1,1
96,2.64829,0,24.7547,0,57,1,1,0,28128.4,0,0
100,21.9121,6.70828,27.0029,0,52,1,0,0,88413.4,1,1
101,2.42164,9.18686,41.1661,0,48,1,0,0,81420,0,1
102,16.0686,1.53642,130.352,0,77,0,1,2,37155,1,1
104,8.7584,0,112.637,0,61,1,1,1,85927.7,0,0
116,1.87557,0,50.8569,3,25,0,1,0,38950.5,0,1
117,18.3242,5.67837,31.2791,0,56,1,0,0,44143.1,0,1
122,17.7882,0,15.661,0,45,1,1,1,39378.9,0,0
125,1.13369,4.69725,57.623,0,59,0,0,1,69454.6,1,1
130,0,0,1.06564,0,78,0,0,2,74392.1,0,0
137,19.1906,3.6178,72.7449,0,21,0,1,2,75323.4,0,0
144,11.2712,0,52.739,0,62,1,1,2,94092.6,0,0
145,17.8467,8.79501,12.6127,0,32,1,0,1,63769.7,1,1
149,8.62188,0,8.4896,0,43,1,1,0,33935.8,1,0
154,17.6236,6.4129,116.805,0,32,0,1,2,18913.2,0,1
155,0.746339,2.93153,18.9028,0,20,1,1,1,99398.1,0,1
158,0,0,0.721981,0,67,0,1,0,87765.2,0,1
160,4.95545,0,30.8984,3,83,0,0,1,96112.1,1,1
170,0,0,3.09153,0,46,0,1,0,46734.5,0,1
172,21.8252,0,69.0037,0,66,1,0,0,80025.3,1,0
173,8.49429,0,50.0336,0,42,0,0,2,49776.2,1,1
174,11.0643,0,40.8219,0,27,1,0,2,4335.86,0,1
177,16.4607,0,57.6569,0,93,0,0,0,74912.1,1,1
178,0,0,3.82346,0,19,0,0,1,44566.6,1,1
179,20.7002,0,20.0558,0,93,1,1,1,25949,0,0
180,26.6717,0,71.9828,0,73,0,1,0,76660.7,0,0
181,14.4655,0,69.296,0,48,1,1,0,58764.7,1,0
187,7.66546,0,83.0776,0,47,1,1,2,90070.5,0,0
188,25.3064,0,51.6158,0,94,0,1,2,38925.5,0,0
195,5.02206,0,29.8046,0,20,1,0,2,9431.04,0,1
197,21.4032,0,14.4486,0,32,1,1,0,38038.7,1,0
198,4.99631,0.682405,56.1098,0,19,0,0,0,50290.7,0,1
199,24.0534,0,17.6976,0,78,0,0,1,88990.6,1,1
201,22.9001,0,22.7052,1,36,0,1,1,5283.2,0,0
202,18.8847,0,96.298,0,79,1,1,1,37571.1,0,0
206,5.35732,0,27.1427,0,23,0,1,1,22767,1,1
208,8.7128,0,45.6406,0,79,1,1,0,61985.6,0,0
216,14.7052,0,42.1408,1,27,1,1,1,23234.8,0,0
217,21.1887,0,30.472,0,81,1,1,2,20759.9,0,0
218,2.74206,0,180.967,0,54,1,1,2,93476.6,1,0
222,12.9312,0,137.136,0,29,1,1,0,20315.4,1,0
229,3.74428,0,15.1292,0,68,1,1,0,55059.2,0,0
230,4.02209,0,13.6405,0,64,1,1,1,92298,0,0
242,0,0,3.20686,0,77,1,0,2,20965.3,0,1
244,24.6557,0,38.2387,0,69,1,1,2,64113.6,1,0
245,8.64595,0,67.4168,0,40,1,0,0,57482.7,1,0
250,18.1867,0,19.4595,0,81,0,1,1,77622.9,0,1
252,24.9603,0,82.8954,0,71,0,0,1,61302,0,0
253,5.19336,0,30.0002,0,90,0,1,1,41416.8,0,1
255,18.8106,0,86.9893,0,42,0,0,1,14740.1,0,1
257,17.3453,0,95.9733,0,93,0,1,1,20013.2,1,0
258,10.8852,0,26.7538,0,58,1,1,0,88811,0,0
259,11.3554,0,13.46,0,43,0,0,2,77293,0,1
260,21.4738,0,7.81196,0,23,0,1,2,70032.2,0,0
263,12.5062,0,68.0231,0,84,1,1,0,88164,0,0
268,0,0,0.719743,0,94,0,1,1,35940.6,0,1
280,0,0,2.63957,0,93,0,1,1,50290.7,0,1
282,12.6336,0,37.3446,0,81,1,0,0,44073.5,0,0
285,3.2576,0,10.0741,0,72,1,0,1,95182.1,0,0
286,25.2264,0,45.8622,0,70,1,1,2,52921,0,0
287,16.7824,3.51674,12.94,0,54,0,1,1,27376,0,1
289,28.2424,0,139.125,0,91,0,0,0,48262.4,0,1
295,20.928,0,30.5278,0,50,0,1,2,59078,1,0
302,13.4495,3.76952,15.896,0,67,0,0,0,79727,0,1
307,29.0671,0,23.0017,0,32,0,0,2,5108.57,0,0
309,23.111,0,87.0058,0,34,0,1,2,94024.1,0,0
310,18.7406,0,113.109,0,62,1,0,1,11359.6,0,0
311,7.05853,0,20.352,0,49,1,0,0,60282.8,0,0
315,11.9742,0,30.6291,0,61,1,1,0,95132.7,0,0
316,27.9603,0,87.1555,0,39,0,1,1,85980.9,0,0
317,23.8214,0,24.7165,0,83,0,1,0,67042,0,0
318,0,0,2.34825,0,28,1,1,0,99563.1,0,1
321,6.20447,0,41.7494,0,52,0,1,1,24943,1,1
326,15.3279,0,5.11791,0,26,1,0,2,8172.8,0,0
330,14.99,0,24.0572,0,55,0,1,0,79771.3,1,1
332,20.1406,0,28.6919,0,58,0,1,0,91446.4,1,0
334,5.66316,0,10.1977,0,36,0,1,2,96283.6,0,0
335,27.3692,0.204806,48.8997,0,19,0,0,1,24896.1,0,1
336,18.6114,0,33.5428,0,91,1,1,1,16785.9,0,0
340,0,0,0.984838,0,68,1,1,0,10421.7,0,0
348,24.8924,0,65.5671,0,42,0,1,0,18199.7,0,1
350,0,0,4.38961,0,90,1,1,1,5257.65,0,1
352,27.1126,0,5.99696,0,47,0,1,2,56816.4,0,1
356,3.09969,0,6.43271,0,65,1,1,0,30057.4,1,0
357,0,0,1.92333,0,26,1,1,2,52266.3,0,1
363,8.35477,0,90.6508,0,59,0,1,1,50290.7,0,1
369,21.0837,9.42386,6.3849,0,55,1,0,2,50050.5,0,1
379,18.9062,0,23.2863,0,39,0,0,1,46638.5,0,0
386,0,0,0.817267,0,86,1,1,1,87073.1,0,1
387,27.7728,0,91.0947,0,94,0,0,2,42983.3,0,0
388,24.0348,0,48.0558,0,84,0,0,2,32964.2,0,0
390,0,0,3.53783,0,81,1,0,2,3714.96,0,1
393,11.0278,0,87.3334,0,62,0,1,1,63314.6,0,1
394,7.51558,7.35241,25.2111,0,22,0,1,0,42877.2,0,1
396,4.50572,0,16.3554,0,83,0,0,1,78854.9,0,1
398,1.77108,0,98.7067,1,29,1,0,0,49127.2,0,0
400,15.9181,0,6.32212,0,44,1,1,2,57430.5,0,0
401,1.80752,0,38.3473,0,58,1,0,0,56286.8,0,0
402,26.7801,0,40.4672,0,63,0,0,1,83977.6,0,1
407,20.323,0,90.7022,0,22,0,0,2,80571.6,1,0
409,0,0,3.4747,0,94,0,1,2,78994.1,0,1
412,1.55952,9.02966,15.1776,1,53,1,1,1,18672,1,1
413,25.4208,0,56.0861,0,34,0,0,0,91147.5,0,0
415,23.086,0,38.2867,0,40,0,1,1,21126.7,0,1
424,11.6852,0.215853,43.557,0,29,0,0,0,73032.9,0,0
427,13.2006,0,35.1299,0,50,1,0,2,48882.6,0,0
430,12.438,0,16.6165,0,18,0,1,1,57549.5,0,0
431,19.2855,0,10.7782,0,57,0,1,0,81576.2,0,1
433,24.2874,0,13.727,0,62,1,0,2,49059.4,0,0
442,26.2807,0,71.9253,0,55,0,0,0,95489.4,1,1
448,12.8691,0,92.8538,1,29,1,0,2,35235.9,0,1
454,11.4511,0,42.8642,0,69,1,1,2,30901.3,0,0
458,0.086201,0,7.43667,0,95,1,1,2,92855.3,0,0
463,0,0,3.62281,0,37,0,1,1,25541.8,0,1
469,26.0546,0,59.6145,0,75,0,0,1,50290.7,0,1
471,12.499,0,74.9292,0,55,0,1,2,7394.15,0,0
474,28.747,0,18.6569,0,67,1,1,2,37168.9,0,0
481,3.60472,0,11.1486,0,59,1,1,0,77177.1,0,0
484,0,0,3.07655,0,77,0,0,2,79972.6,1,1
498,26.3026,0,7.62186,0,89,1,0,2,30059.6,0,0
499,0,0,1.03882,0,82,0,0,1,95877.7,0,1
507,6.73328,0,36.3634,0,72,1,1,0,96188.2,0,0
509,18.2331,0,23.515,0,59,1,1,2,35119.1,0,0
518,11.193,0,75.5965,0,67,1,0,1,36415.3,1,0
521,2.68441,0,17.1281,0,58,0,1,1,1414.58,0,0
524,15.3306,0.798082,39.695,0,18,0,1,1,9929.4,1,0
527,10.7998,0,42.7941,0,87,1,0,1,22718.6,0,0
532,0,0,2.64145,1,82,1,1,2,30271.4,0,1
541,26.6145,0,39.2117,1,49,1,1,1,62381.4,0,0
543,16.8547,0,134.435,0,82,1,0,2,2271.11,0,0
545,13.6205,0,188.555,0,91,0,1,1,82051.9,0,1
546,7.68173,0,22.6085,0,57,1,1,1,57272.7,0,0
549,0,0,4.74237,0,81,1,0,2,15669.3,1,1
550,16.1571,0,88.1026,0,31,0,0,2,85401.7,1,0
558,6.22539,0,16.0344,2,58,1,1,1,99619.9,1,0
564,2.26286,0,49.9448,0,23,1,1,2,55371.8,0,0
566,24.181,0,33.4669,0,48,0,1,0,24737.8,0,0
567,15.63,4.0809,59.1443,0,80,1,1,0,50290.7,0,0
568,0,0,0.932339,0,41,1,1,0,2645.1,1,1
569,6.63402,0,18.2572,0,39,0,0,2,83996.9,0,0
572,15.3349,0,61.8568,0,21,0,1,1,73138.8,1,0
577,5.25741,0,32.0467,0,19,1,1,0,58979.3,1,0
578,6.76149,0,25.009,0,88,1,0,1,49176.2,0,0
579,0,0,4.32909,1,28,0,1,0,48631.3,0,1
586,0,0,4.09209,1,88,0,1,1,36970.2,0,1
589,4.64107,1.76543,68.6261,0,77,0,1,0,39516.3,0,1
591,28.9211,0,28.7127,0,76,1,1,2,24855.7,1,0
594,26.2161,0,19.7238,0,29,1,1,0,97996.9,0,0
598,22.8522,0,24.6678,0,48,1,0,2,87381.8,0,0
603,28.0556,0,61.9932,2,38,0,1,2,81309.5,1,0
604,25.4421,0,241.049,0,34,1,1,0,73834.9,1,0
611,0,0,1.1855,0,48,0,0,2,60908.1,0,1
613,0,0,4.29746,0,87,0,0,0,21744.9,1,1
619,6.54951,0,130.343,0,79,0,1,0,28021.4,1,0
621,14.4,0,20.97,0,49,0,1,2,48334.1,0,1
623,12.9488,0,17.6251,0,93,1,1,0,60325.9,1,0
625,13.7243,0,13.3512,0,72,1,0,0,21079.2,1,0
627,18.1293,0,83.884,0,85,1,0,1,75991.2,0,0
628,0,0,2.01537,0,70,0,0,1,64815.5,0,1
630,26.4679,0,13.9461,0,34,0,1,2,24325.8,1,0
647,1.32152,0,147.871,0,54,0,0,1,61231.7,0,1
648,27.2291,8.07356,6.67657,0,94,0,1,2,17964,0,1
649,0,0,0.049147,0,75,0,1,1,59251,1,1
654,19.4814,6.17842,93.3035,1,82,0,0,1,80066.3,0,1
655,16.3248,0,26.2882,0,37,1,1,0,43235.5,0,0
656,0,0,4.14804,0,40,0,0,0,56016,0,1
657,18.5658,0,42.9039,1,65,1,1,0,50290.7,0,0
659,14.7664,0,101.051,2,25,1,0,2,51268.5,1,0
661,17.7954,0,12.5649,1,58,0,1,2,29597.1,0,0
665,20.9408,0,13.9135,0,73,1,0,2,73240.3,0,0
668,6.18902,9.15926,105.295,0,40,0,1,0,15980.1,1,1
669,28.6435,0,9.82193,0,59,0,0,1,61205.6,0,1
670,22.5282,0,38.3594,0,60,0,1,2,21380.9,0,1
672,14.1348,0,7.71316,0,67,1,0,0,88874,1,0
674,16.2201,0,53.9599,0,43,1,1,1,35827.5,1,0
683,0,0,4.87391,0,19,1,1,0,76071.2,0,1
684,0,0,1.8355,0,43,0,1,0,85205.1,1,1
692,15.0094,0,45.9257,0,95,1,1,2,21213,0,0
703,11.2436,6.81837,115.445,0,52,1,0,1,37809.7,1,1
704,22.5323,0,11.5307,1,93,1,0,1,68089.1,0,0
709,0,0,0.842592,0,22,1,0,1,15434.3,1,1
710,28.8034,0,142.43,0,73,0,0,0,92405.9,0,0
715,5.20037,0,51.5682,0,90,1,1,0,42248.7,0,0
721,0,0,4.83151,1,59,1,0,0,60111.8,0,1
722,20.8034,0,36.8164,0,55,0,1,0,28528,1,0
727,24.4225,0,104.948,0,83,1,1,2,85753.4,0,0
729,20.6061,0,18.2213,0,37,1,0,1,28906.8,0,0
739,0,0,0.084098,0,51,0,1,1,62990.7,0,1
747,7.34505,0,12.1064,0,78,1,1,0,54864.6,0,0
763,22.4379,0,107.181,0,25,1,1,2,40774.2,0,0
765,26.871,0,6.60685,0,81,0,1,1,50613.1,1,1
774,0,0,0.085681,0,79,0,1,1,18442.8,0,1
779,7.43117,0,89.5143,0,74,1,1,1,60015.1,0,0
781,27.5645,0,212.356,0,65,1,0,1,11520.3,0,0
792,11.0311,4.14799,92.1348,0,57,1,0,2,26349.1,0,0
795,29.3056,0.011654,54.823,0,65,1,1,2,54370.8,0,0
798,16.4737,0,35.8032,1,55,1,1,2,50290.7,0,0
800,7.81393,0,33.1688,0,89,0,0,2,79133,1,1
803,14.206,0,25.159,0,61,0,0,2,54643.3,1,0
804,22.0865,6.42161,7.52631,0,55,0,0,0,91646.6,1,1
807,18.0744,0,23.0593,0,42,0,1,1,79763.6,1,0
812,13.9638,0,7.73367,0,43,1,1,1,15425.3,1,0
813,7.04104,3.50659,99.3944,1,62,1,1,1,65619.8,1,1
815,24.1402,0,40.5218,0,38,1,0,2,58087.5,0,0
816,16.6407,0,58.5301,0,30,0,1,2,36740.7,0,0
818,0,0,0.493999,0,57,1,0,1,78255.3,0,1
827,28.7483,6.32584,64.6961,0,96,0,1,2,95394,0,1
834,1.67688,0,89.0801,0,74,0,0,2,25754.9,0,0
835,14.8257,7.79501,287.295,0,40,1,1,0,55714,0,0
836,0,0,1.31433,0,64,0,1,1,1433.72,0,1
844,8.28961,0,8.24314,0,65,0,0,0,36159,0,0
848,22.0932,0,15.1661,0,56,1,1,1,24626,0,0
849,25.6531,0.813493,81.7375,1,69,0,1,0,49188.9,1,1
856,22.3447,0,38.7208,0,57,0,1,0,83165.7,0,1
858,13.6403,0,16.2069,0,70,0,0,2,15080.4,0,0
860,28.8086,0,13.6364,0,22,0,1,2,59699.5,0,0
861,10.4404,0,127.425,0,39,1,1,1,88474.7,1,0
863,16.3452,0,15.2455,0,58,1,1,0,64789.8,0,0
867,5.49032,0,65.4262,1,19,0,1,1,99261.8,1,0
868,5.80985,0,11.4822,0,83,0,1,0,89344.4,0,0
872,9.44133,0,80.6451,0,82,0,0,1,79009.7,0,0
873,0,0,0.911027,0,68,1,1,2,17060.3,1,1
875,1.11146,0,22.7433,0,96,1,0,0,83986.8,1,0
877,16.3738,0.049815,49.1901,0,48,1,0,1,98360.6,1,0
879,3.85902,0,37.2109,0,74,0,0,1,42002,0,1
880,16.6091,0,50.6943,0,55,1,1,1,41334.1,0,0
883,13.7968,0,337.564,0,69,0,1,2,28848.8,0,0
887,9.51882,0,66.0982,0,53,1,1,2,17246,1,0
888,3.22473,0,35.9312,0,71,0,1,2,80667.4,0,1
891,28.1922,0,93.6347,0,19,0,0,2,56438.9,0,0
894,17.1297,0,14.0689,0,37,1,1,0,52355.1,1,0
897,24.0918,0,32.9288,0,75,1,1,0,99454.2,0,0
910,1.01493,0,57.9899,0,37,0,1,2,80869.8,0,0
914,18.4508,0,65.5716,0,38,0,1,1,50290.7,0,0
918,25.9869,0,26.6992,0,94,1,0,0,44927,0,0
919,0,0,1.85518,1,63,1,0,0,37120,1,1
920,20.5851,0,50.3302,0,86,0,1,0,2530.76,1,0
921,14.7545,0,71.142,0,54,0,1,2,19758.3,0,0
926,9.78628,8.79796,72.6244,0,69,0,1,0,10250.1,0,1
931,4.8324,0,56.6516,0,28,0,1,0,38450.2,1,0
934,5.38028,8.83284,33.5881,2,70,1,0,2,66649.2,0,0
942,0,0,1.74712,0,48,0,1,0,83157.5,0,1
944,11.4079,0,128.122,0,93,0,0,1,21395.2,1,1
947,29.2312,0,450.624,1,78,0,0,2,72800.9,0,1
957,0,0,0.73843,0,68,1,1,0,41486.4,1,0
958,12.2137,0,52.9656,0,31,1,0,1,37832.6,1,0
961,0,0,2.55294,0,54,1,0,2,63959.2,0,1
963,17.6584,0,71.0744,0,53,0,0,0,95584.5,0,0
964,11.8571,0,135.648,0,20,1,1,1,59632.9,1,0
965,0.65347,6.8703,5.49145,0,97,0,0,1,98860.1,0,1
967,0,0,3.73469,1,46,1,1,2,32811.6,0,1
971,23.2435,1.04909,34.0994,0,61,1,1,1,83039.2,1,1
972,14.0455,4.42942,114.323,0,92,0,0,2,47396.2,0,1
975,28.3722,0,40.7692,0,37,0,1,0,46812.7,0,0
984,10.9496,0,18.5555,0,59,0,0,0,41624.7,1,1
987,6.6727,0,7.78748,0,50,0,1,0,63306.6,1,1
989,25.5047,0,5.35019,0,34,0,0,1,33671,0,0
990,14.1542,0,108.433,0,39,0,0,0,16829.6,0,0
998,18.9793,0,32.8973,0,69,1,1,0,80417.5,1,0
999,0,0,0.439002,0,67,1,1,1,32363.9,1,1
1002,16.4712,1.53327,90.4537,0,53,1,1,1,34317.6,0,1
1003,19.9335,3.70938,42.2236,0,86,0,1,1,99248.1,0,1
1006,21.006,9.12744,16.6838,0,62,0,1,2,8749.8,0,1
1010,24.1484,0,10.4754,1,38,0,1,0,17499.2,0,0
1013,11.0204,0,49.4121,0,94,1,1,1,76213.2,0,0
1015,16.1947,0,12.1176,0,75,0,1,2,11434.6,0,1
1016,0,0,0.695662,0,56,0,0,2,27362.6,1,1
1020,26.5233,0,32.1988,0,97,1,1,2,75004.5,0,0
1021,23.184,5.53497,72.9577,0,32,1,1,0,54430.2,1,1
1028,12.747,0,109.835,0,27,0,0,1,54370.7,0,0
1029,12.3897,0,58.409,1,90,1,0,2,83653.3,0,0
1031,24.0428,0,19.8925,0,59,0,0,0,23892.2,1,1
1032,23.3781,0,32.523,0,77,0,0,0,34160.5,0,1
1036,15.2557,0,99.3633,0,27,1,1,2,50290.7,0,0
1037,23.1246,6.2469,57.0263,1,86,0,0,1,31639.2,0,1
1038,25.2304,0.940942,65.5118,0,47,0,1,1,7071.46,0,1
1044,14.6015,0,41.6612,0,33,1,1,0,28000.4,1,0
1046,5.99169,0,136.388,0,77,1,0,1,2743.69,0,0
1048,14.7944,0,36.6778,0,68,0,1,1,97318.6,1,1
1050,8.94913,6.19658,11.9493,0,93,0,0,1,46771.2,0,1
1053,16.6387,0,105.261,0,30,0,1,1,48457.6,1,0
1054,16.3059,0,34.7483,0,93,1,1,2,40372.4,1,0
1055,10.9038,9.27926,27.0156,0,47,0,1,1,57611.4,0,1
1057,12.756,0,19.9845,0,89,1,1,0,60156.9,1,0
1059,0,0,1.51927,0,18,1,0,2,11691.2,1,1
1060,9.67116,0,38.2122,0,22,0,1,1,58462.3,1,0
1062,6.12846,0,31.4545,0,25,0,1,2,295.941,0,1
1065,0,0,0.609388,2,53,0,0,2,96704.7,0,1
1067,17.3386,0,9.31592,1,44,0,0,2,17689.2,0,1
1075,24.8041,0,80.1302,0,66,1,1,1,7277.29,1,0
1079,29.4648,0,10.8693,1,69,0,0,0,45310.4,0,1
1080,4.82348,0,34.7577,0,38,1,1,0,66742.3,0,0
1082,21.6653,6.07297,133.32,0,97,1,1,2,27667.6,0,1
1083,19.843,4.90646,72.5824,0,45,1,1,2,7673.47,0,1
1086,0.386713,0,16.0079,0,68,0,1,0,99832.9,0,1
1087,7.88622,0,21.7258,0,46,1,1,0,93996.8,0,0
1091,23.5538,3.19059,108.275,0,47,0,1,2,54039.4,0,1
1092,23.5233,0,14.2658,0,31,1,1,2,11254.9,1,0
1100,7.55206,0,36.3646,0,55,0,0,2,51744.2,0,0
1101,16.5337,0,16.489,0,56,1,0,0,4841.33,1,0
1103,5.01392,7.91613,24.4168,0,72,1,0,0,22150.8,0,0
1104,4.7283,0,27.186,0,45,1,1,2,39035.8,0,0
1106,1.66449,0,14.107,0,63,1,1,0,82981,0,0
1110,0.837476,0,30.1267,0,80,0,0,1,31809.7,1,1
1112,19.4143,4.50243,21.1967,0,80,0,1,1,17755.4,0,1
1115,6.41659,0,145.393,0,61,1,1,0,41063.6,1,0
1116,20.2409,0,18.2487,0,48,0,1,0,4581.11,0,1
1118,28.793,0,107.569,0,49,1,0,0,9414.82,0,0
1122,9.38804,0,38.9681,0,65,1,0,1,57626.9,1,0
1123,28.1974,9.53132,13.9877,0,28,0,1,2,63328.8,0,1
1128,0,0,0.583171,0,78,0,1,2,62685,0,1
1130,25.0953,0,111.591,0,46,0,1,1,51014,0,1
1133,0,0,0.906947,1,25,0,0,2,88023.2,0,1
1136,13.2952,2.87698,56.4448,0,42,1,1,0,18552.7,0,1
1138,23.9333,0,47.4773,0,23,0,0,1,14082,0,1
1143,29.3498,0,20.0939,0,57,0,1,1,50290.7,0,1
1149,11.8988,0,11.9393,0,69,0,1,0,91198.6,0,0
1152,13.7665,0,47.986,0,58,1,0,2,4123.46,0,0
1158,4.26887,0,57.6193,0,54,0,1,0,37389.2,0,1
1160,6.99014,0,64.4116,0,76,1,0,2,59592.6,1,0
1164,26.0036,0,37.1293,0,79,0,0,1,87818.3,0,0
1166,26.4989,0,54.7571,0,86,1,0,2,56256.1,0,0
1181,25.3237,0,45.1216,0,61,1,1,1,18307.4,0,0
1188,0.774873,0,5.7156,0,84,0,1,2,5936.48,1,1
1193,19.78,0,57.6177,3,73,0,0,0,23832,0,0
1196,0,0,0.460765,0,77,0,0,0,36434.3,1,1
1199,7.25987,0,74.8134,0,55,1,1,1,69408.3,0,0
1201,2.0624,0,16.5978,0,28,1,0,2,39700.3,0,1
1202,17.7344,0,5.42801,0,45,0,1,0,41947.8,0,0
1203,0,0,3.53974,0,68,1,1,1,27677.8,0,0
1204,2.46142,0,71.6614,0,75,0,1,2,42846.2,1,1
1211,21.4415,0,38.8164,0,71,1,1,0,51195.5,1,0
1219,16.7723,0,16.3583,0,84,1,0,0,34148.6,1,0
1223,0,0,4.42211,0,62,0,0,2,5197,0,1
1229,19.8021,0,9.31529,0,21,0,1,0,38705.5,1,1
1237,0,0,3.40458,0,49,0,0,0,23660.3,0,1
1250,22.1555,0.092017,54.7994,0,41,1,0,0,85804.3,1,0
1252,0.298668,7.78694,220.977,0,49,0,0,1,60310.6,1,1
1254,19.5561,0,34.4237,0,83,1,1,2,25108.2,1,0
1255,23.3085,0,83.498,0,59,1,0,0,33912.4,1,0
1259,14.1562,0,84.9149,0,32,0,1,1,7027.14,0,0
1261,9.55884,0,150.243,0,65,0,1,0,58345.8,0,1
1264,25.6344,0,5.34366,0,51,1,0,0,2630.4,1,0
1267,2.49738,0,24.99,3,92,1,1,0,29518.8,0,0
1273,0.7228,0,28.7026,0,97,1,0,0,75854.9,0,0
1278,28.4816,0,23.3969,0,30,1,1,1,3578,0,0
1280,21.4678,0,54.4551,0,64,0,0,2,62275.3,1,1
1283,1.7171,0,91.7474,0,74,0,1,0,25445.6,0,1
1293,6.83042,0,52.2013,0,44,1,1,1,49554.8,0,0
1296,8.59819,0,117.986,0,18,1,1,0,1846.01,0,1
1297,17.4783,0,24.2099,0,84,0,0,0,95056.9,0,1
1298,23.057,0,5.94285,0,18,1,1,0,40728.7,0,0
1300,9.61439,2.65603,160.666,0,72,1,0,2,55050.5,1,1
1301,0,0,3.25909,0,21,0,1,0,73701.9,1,1
1309,4.31588,0.629311,66.906,0,87,1,1,0,98127.6,0,0
1314,19.7883,0,126.651,0,84,1,0,2,27958.5,0,0
1316,23.2917,2.86647,62.3255,0,22,1,1,1,95847.9,1,1
1321,28.3254,0,54.3103,0,19,0,1,1,67750.9,0,0
1322,0.34371,0,10.9836,0,42,1,0,1,93645.3,0,0
1323,22.0235,0,19.5011,0,42,0,1,1,31650.2,0,0
1325,1.18414,0,33.6235,0,80,0,1,1,86618.8,0,1
1326,27.8136,2.09719,94.1094,1,80,0,0,0,48506.7,0,1
1327,6.35046,0,19.7446,0,53,1,1,0,50622.9,1,0
1331,0.10447,0,29.7426,0,59,0,1,0,50290.7,1,1
1336,0,0,2.31463,0,61,0,1,1,79324.7,1,1
1337,29.8905,0,37.4169,0,81,0,0,0,54486.5,0,1
1338,26.665,6.96895,5.94899,0,41,0,1,1,84388.5,0,1
1342,16.8972,0,11.5156,0,53,1,0,2,21242.8,0,0
1343,17.2615,0,75.5834,0,91,1,0,2,61766.7,1,0
1346,3.79393,0,24.1444,0,71,1,0,0,28273,1,0
1349,1.0415,6.10293,28.8313,0,33,1,1,1,57237.9,0,1
1352,20.7683,0,38.1539,0,71,1,0,1,37248.6,1,0
1354,20.7605,0,43.3026,0,64,0,1,2,25796.5,0,1
1358,16.4224,0,39.7548,0,76,1,0,1,24104.7,0,0
1365,26.2924,0,35.3189,0,49,0,1,2,48471.1,0,1
1366,11.3054,0,71.5005,0,75,0,0,1,57952.6,0,1
1368,6.97785,0,15.5162,0,39,0,0,1,31931.3,0,0
1370,9.39073,0,21.3183,0,33,0,1,1,33967.7,0,0
1371,23.2429,0,87.6198,0,25,0,0,0,91106.4,0,0
1373,12.1991,0,109.798,0,85,1,1,0,18909.5,1,0
1376,17.9152,0,6.0123,0,26,1,0,2,19998.4,0,1
1378,0,0,2.94211,0,31,0,1,1,43787,0,1
1379,0,0,2.39901,0,39,0,1,2,72401.8,0,0
1380,7.96661,0,23.767,1,68,1,0,1,83556.7,0,0
1381,4.44961,7.27376,296.629,0,46,0,1,0,34437.2,1,1
1385,22.7262,0,10.9134,0,86,0,1,2,36090.7,0,1
1389,17.314,0,53.6138,0,65,0,1,2,58148.7,0,1
1390,5.17333,0,11.1436,1,85,0,1,2,69730.9,1,1
1391,12.1454,0,116.591,0,79,0,0,2,43151.7,0,1
1393,19.5164,0,86.4536,0,82,0,0,0,17491.4,0,1
1395,21.3233,0,7.54849,0,30,0,1,2,16948.8,0,0
1398,19.1428,2.35447,40.372,0,72,0,1,1,38788.3,1,1
1403,3.71422,0,10.2161,0,88,0,0,2,10764.6,0,1
1404,12.8577,0.035519,156.512,0,18,0,1,0,13441.5,0,0
1411,3.85889,0,20.8536,0,62,1,0,1,47503.9,0,0
1415,5.92594,0,44.5928,0,66,1,0,2,72018.6,1,0
1417,0,0,4.99942,0,29,0,0,1,21529.1,0,1
1418,25.2361,0,56.0381,0,36,1,1,1,96349.8,0,0
1421,3.45189,4.18277,117.344,0,76,0,1,0,35697.5,0,1
1424,9.81891,0,82.4528,0,60,0,1,1,40792.3,1,0
1428,27.8777,0,13.1291,0,46,0,1,0,94576.2,1,1
1429,11.0029,0,87.1286,0,42,1,1,0,69463.1,0,0
1430,0,0,2.60841,0,79,1,0,1,16203.5,1,1
1432,13.6609,0,37.6851,0,90,0,1,1,2796.07,0,0
1436,12.6126,0,18.8119,0,88,0,0,0,68608,0,0
1437,26.1912,0,18.1973,0,46,1,1,1,44065.4,1,0
1440,16.1593,6.0991,13.8312,0,31,0,1,1,99485.3,0,0
1443,15.6168,0,13.6907,0,60,1,1,0,35125,0,0
1448,27.9898,0,11.6291,0,57,0,1,1,4875.25,0,1
1453,23.3116,0,38.4372,0,71,0,0,0,26435.8,0,0
1455,2.96426,3.30122,73.3249,0,41,0,0,2,48271.8,0,1
1457,0,0,2.34255,0,49,0,1,2,50290.7,0,1
1459,14.1524,0,76.2704,0,86,1,1,1,12713.3,0,0
1461,0,0,1.48144,1,94,1,0,0,13946.8,0,0
1462,14.7422,0,147.293,0,19,0,1,1,16915.2,0,1
1463,20.7478,0,24.5221,0,20,1,0,2,68140.5,0,0
1464,15.2705,0,29.4771,0,43,0,0,1,77021.7,0,1
1467,10.4285,0,16.8965,0,47,1,0,1,12752.5,1,0
1483,14.4709,0,7.09657,0,68,0,1,0,62484.8,0,1
1484,11.6607,0,38.3597,0,49,1,0,0,32358.1,0,0
1485,0,0,1.95654,0,45,0,0,0,45057.1,0,1
1487,3.72325,0,36.5041,0,61,1,0,0,72385.9,0,0
1490,16.8137,0,80.1874,0,71,0,1,0,45444,0,0
1491,22.4408,9.18514,29.1795,1,36,1,1,0,97341.4,0,0
1493,7.26038,6.12192,184.525,0,82,1,0,0,48841.4,0,1
1494,5.17911,5.64404,112.808,0,34,0,1,1,73098.7,0,1
1496,23.1315,0,23.3277,0,22,0,1,1,25863.8,0,1
1502,22.9036,2.15111,22.6298,0,55,1,0,2,33377.3,0,0
1509,29.3556,0,13.7862,0,40,1,0,2,33373.9,0,0
1513,0,0,3.92811,0,88,0,1,2,58807.5,1,1
1515,28.8394,0,51.1432,0,92,1,0,0,79872.6,0,0
1522,28.2356,0,66.4993,0,21,1,0,1,48107.2,0,0
1531,0,0,3.32793,0,36,0,0,1,94083.3,0,0
1532,0,0,3.59656,0,23,1,0,0,22475.5,0,1
1539,2.93694,0,165.434,0,48,1,1,1,3793.73,0,0
1543,23.2167,0,143.812,0,22,0,0,2,14905,1,1
1547,1.7406,0,30.121,0,43,0,1,2,22781.6,1,1
1549,10.5117,0,5.90688,0,67,0,0,1,9824.75,0,0
1550,27.7465,8.24868,19.6348,0,53,0,0,2,11503.8,1,1
1552,23.8577,0,9.48392,0,34,1,0,2,59753.2,1,0
1558,8.31762,0,29.3158,0,78,0,1,0,16840.7,0,0
1561,6.25316,0,24.7174,0,27,0,0,2,13094.8,0,1
1567,23.7605,0,68.3512,0,65,0,1,1,37079.4,0,0
1574,14.6971,0,17.8697,0,30,0,0,1,73334.3,0,0
1580,13.9878,7.55913,20.7203,0,42,0,1,0,69458.8,0,1
1582,13.1487,0,33.9391,0,37,1,0,1,13126.9,0,0
1585,3.71021,0.25648,11.871,0,58,0,1,1,16350.3,1,0
1588,10.9727,0,59.9999,0,45,1,1,0,27170.6,0,0
1596,14.8062,0,121.406,1,50,0,1,2,96821.1,0,1
1602,22.1718,0.576682,13.4598,0,94,0,0,1,17540.7,1,1
1604,18.9654,0,40.7755,0,33,1,1,2,80385.4,0,0
1608,23.9959,0,75.1933,0,93,1,0,1,4347.25,0,0
1609,23.4127,0,85.2156,0,89,1,0,0,51669,0,0
1613,6.53312,0,13.8457,0,27,1,1,2,16875.9,1,1
1617,8.7613,0,25.636,0,20,0,1,1,2976.91,0,0
1626,16.6166,7.88152,16.0565,1,47,1,0,0,4961.5,1,0
1633,13.3245,8.05317,56.6468,0,73,0,1,2,5237.63,0,1
1635,25.7184,0,73.7147,0,67,1,0,1,80982.7,0,0
1637,26.4306,6.18007,51.4058,0,19,0,0,1,71906.8,0,1
1640,24.7525,1.48495,62.6283,0,45,0,0,0,50290.7,1,1
1645,9.37281,0,25.1537,0,63,1,1,2,60644.3,0,0
1650,20.3832,0,31.8713,0,37,1,0,2,34524.7,1,0
1654,0,0,3.50873,0,50,0,0,0,44785.4,0,1
1657,14.477,0,53.3794,0,23,1,0,0,12686.9,0,1
1668,3.36935,0,43.5391,0,47,0,0,1,59489,0,0
1669,26.9607,0.305743,79.5482,1,31,1,0,2,14690.1,0,0
1670,11.8148,0,26.8184,0,76,1,0,1,91607.4,0,0
1671,1.03714,9.59072,12.9066,0,83,0,0,2,76845.3,1,1
1672,5.33441,0,33.2105,0,21,0,1,2,82056.6,0,0
1677,0,0,1.00822,0,18,0,1,2,64726.8,0,0
1680,20.6973,0,5.1743,0,35,1,1,2,42623.5,0,0
1682,17.0826,0,163.975,0,77,0,0,1,37331.2,0,0
1693,23.9004,0,19.6719,0,29,0,1,2,79960,0,0
1695,17.875,0,76.3182,0,93,1,0,0,93302.9,0,0
1697,17.4497,4.94078,49.9235,1,39,0,1,2,47902,0,0
1701,9.5744,0,85.1118,0,39,1,0,2,32272.7,0,0
1708,17.8421,9.49084,89.7671,0,70,0,0,0,58384.3,0,1
1710,4.30146,0,7.16216,0,96,1,1,1,2502.74,0,0
1716,9.31315,0,115.921,1,47,0,1,0,79721.1,0,1
1717,26.0459,0,114.276,0,97,1,1,2,40844.4,0,0
1718,1.81586,0,90.2459,0,79,0,1,0,8090.4,1,1
1723,3.34692,9.60967,136.888,0,68,1,0,1,57322.1,1,1
1731,10.2702,1.67373,29.639,0,20,1,1,0,69444.5,0,1
1734,10.4743,0,7.52543,0,51,1,1,0,64313,0,0
1737,10.6076,0.125065,159.885,0,40,1,0,2,88943.9,0,0
1738,13.8716,0,5.04868,0,39,1,0,1,50126.8,0,0
1739,12.5372,0,311.29,0,21,0,0,0,45612.9,0,0
1746,23.2901,0,41.3493,1,27,0,0,1,92718.6,0,0
1760,3.1133,0,127.138,0,68,1,0,2,17047.2,1,0
1762,11.0571,0,50.8455,0,64,0,0,1,7737.94,0,1
1767,12.3757,0,163.414,0,51,0,1,2,59613.1,0,1
1769,27.0118,7.55401,45.3742,0,92,1,0,1,57904.4,0,1
1771,19.4397,0,14.3847,0,97,1,1,2,88146.4,0,0
1774,3.75161,0,9.26161,0,27,1,0,1,86608.5,0,0
1777,0.378048,0,28.6624,0,72,0,1,0,78851.3,0,1
1784,0,0,1.34623,0,75,0,0,1,16326.7,0,1
1785,12.6985,0,88.0952,0,87,0,1,1,3624.7,0,1
1789,27.258,0,69.3656,0,57,0,1,1,36016.9,0,1
1791,20.4536,0,39.334,0,76,0,1,2,42031.8,0,0
1795,28.8272,4.74816,13.5305,0,39,1,1,1,39229.1,0,1
1800,3.2845,0,8.22446,0,42,1,1,0,57042.2,0,0
1803,0.439191,0,122.379,0,74,1,0,1,94449.5,0,0
1814,3.52672,0,257.192,0,45,0,1,2,67085.4,0,1
1815,17.6569,0,23.4208,0,28,0,0,1,4972.89,0,1
1818,2.50227,0,31.9932,0,67,1,1,0,26369.2,0,0
1820,18.8508,0,31.7886,0,73,0,1,2,35976.5,1,1
1822,24.7733,0,20.0787,0,92,0,1,1,77129.1,1,1
1823,15.5966,0,24.1942,0,79,0,1,2,8204.72,0,1
1825,27.0932,0,87.261,0,59,1,1,2,40714.5,0,0
1827,8.21228,9.63483,45.6685,0,75,1,1,1,97180.4,0,1
1837,14.6142,0,74.7254,0,68,0,1,2,50290.7,0,1
1840,9.57167,0,10.4728,0,23,0,1,0,869.57,0,1
1843,22.8917,0,22.1866,0,52,0,1,1,70002.4,0,1
1847,17.4602,0,12.4497,0,82,1,0,0,37498.2,1,0
1851,12.2298,0,135.424,0,31,1,1,0,51015.7,1,0
1858,17.7865,0,9.54581,0,96,1,0,2,29835.9,1,0
1867,18.3535,0,50.1156,0,80,1,0,1,13141.5,0,0
1871,0,0,2.7661,0,55,0,1,1,26340.7,1,1
1873,1.90953,0,25.9572,0,86,0,0,0,69350.5,1,0
1883,26.7759,0,58.3563,1,97,0,1,1,51812.2,0,1
1885,17.1325,0,12.3358,0,82,0,1,1,49453.8,0,0
1888,27.9749,0,58.0921,0,62,0,0,2,28787.4,0,0
1889,26.6869,0,9.67035,0,79,0,0,1,94278.7,1,0
1901,17.3913,0,41.4854,1,58,1,0,2,12160.7,0,0
1905,25.9711,0,10.9467,0,35,0,1,0,80659.1,0,0
1914,3.172,0,58.0375,0,57,1,1,1,35075,0,0
1918,2.46216,0,109.734,0,23,1,1,1,43457.9,0,0
1919,25.9862,0,21.0933,0,44,1,0,1,82314.1,1,0
1935,22.3846,0,40.4899,0,93,0,0,1,13109.1,0,0
1937,7.83036,0,121.462,0,71,1,1,2,51493,1,0
1940,24.6519,0,48.5375,0,65,0,1,0,17700.4,0,1
1942,22.7994,0,20.2625,0,88,1,1,1,13091.6,0,0
1943,17.2158,0,31.5585,0,55,0,1,0,91708.4,0,0
1944,17.0066,0,137.337,2,28,0,0,0,64335,1,0
1957,9.00708,0,38.162,0,88,1,0,2,6704.78,0,0
1961,0,0,4.33773,0,52,1,0,1,29870,0,1
1962,0.268121,0,16.3669,0,45,0,0,1,92187.1,1,1
1964,7.04022,0,47.9327,0,69,1,1,1,38302.7,0,0
1965,3.03619,0,42.9195,0,54,0,1,1,40027.6,1,1
1966,5.9311,5.06162,6.25025,0,26,1,0,1,85774.3,0,1
1968,0,0,1.51221,0,61,1,1,2,25303.2,0,1
1972,8.46279,0,22.6513,0,51,0,0,2,2638.11,1,1
1974,1.51617,0,94.9794,0,61,0,1,0,10878.5,0,1
1976,0.587137,8.2371,50.2126,0,34,0,0,1,30234.8,0,1
1978,11.7458,0,54.8397,0,62,0,0,2,13965.4,0,1
1983,13.1831,0,18.387,0,64,0,0,1,45495,0,1
1987,6.03961,0,19.5217,0,63,0,1,1,22198.1,1,1
1988,20.0851,0,59.1988,0,21,0,1,1,64557.8,1,0
1990,29.8637,0,52.22,0,68,0,1,2,62061.8,1,0
1992,28.4292,0,84.1063,0,48,0,0,0,76142,0,0
1995,10.4404,0,39.9606,1,47,0,1,1,53298.7,0,1
2002,0,0,2.98368,0,68,1,1,0,14955.8,0,1
2003,22.5426,0,25.3754,0,67,1,1,0,78319.3,0,0
2006,7.46337,0,18.6992,0,79,1,1,0,34994.1,0,0
2012,29.42,0,54.6296,0,81,1,0,1,97205.2,0,0
2013,0,0,1.22047,1,92,0,0,0,51611.3,0,1
2015,0,0,0.623215,0,84,0,0,0,77462,0,1
2021,29.4184,0,332.464,0,62,1,1,2,17888.7,0,0
2032,0,0,3.87552,0,59,0,1,0,50290.7,0,1
2033,0,0,4.14354,0,52,0,1,0,85073.7,0,1
2044,1.48478,0,83.8746,0,36,1,0,1,38348.1,0,0
2045,27.9958,5.32842,16.2764,0,18,0,1,0,28770.9,0,1
2053,21.3278,0,35.8502,0,21,0,1,2,30763.8,1,1
2054,4.19813,0,114.627,1,81,0,1,2,3193.6,0,1
2059,15.1626,0,16.9973,0,41,0,1,0,33520.9,0,1
2061,26.7913,0,17.4429,0,56,0,1,0,11268.3,1,1
2062,26.0398,0,10.209,0,85,1,0,1,79688.7,0,0
2063,17.6206,0,71.0349,0,28,1,0,2,88063.2,1,0
2064,25.6287,0,9.44746,0,89,0,1,0,62229.6,0,1
2070,8.8103,0,9.29023,0,31,0,0,0,41856.2,0,0
2072,24.0708,6.98081,27.7573,0,28,1,1,2,2056.06,1,1
2075,4.58844,7.66264,8.49107,0,95,1,0,0,38872.3,0,1
2076,16.0598,0,30.2381,0,39,1,1,1,89928.5,0,0
2080,3.94139,0,7.53295,0,37,0,0,0,74018.4,1,0
2087,15.1936,0,24.5471,0,30,1,1,0,15819.6,0,0
2093,11.5929,0,94.8898,1,96,1,0,2,25826.4,0,0
2094,0.250512,0,32.1879,0,39,1,0,2,18569.2,0,0
2096,2.2033,0,9.88634,0,97,1,0,0,27498.1,0,0
2098,0.178787,0,6.51263,0,62,0,1,0,37121.7,1,1
2106,22.4358,0,41.7108,0,30,1,0,2,23464,1,0
2111,20.8798,4.49828,66.5996,0,54,0,1,0,69641.6,0,0
2114,26.996,0,13.0113,0,37,1,1,2,91272.2,1,0
2117,19.1359,0,9.14534,0,59,0,1,1,77374.6,1,1
2124,22.4864,0,151.611,0,56,1,1,2,85275,0,0
2132,17.4895,0,39.6234,0,36,0,1,2,47639.1,0,0
2135,0.514513,1.88205,21.8649,0,39,0,1,0,86770.4,0,1
2146,0.583769,0,150.985,0,27,0,1,2,53067.2,1,0
2151,26.5714,0,25.2656,0,81,0,1,0,71816.1,1,0
2156,22.8234,0,63.2982,0,84,0,0,1,60362.1,0,1
2163,29.9224,0,8.79772,0,60,0,0,0,93322.1,1,0
2165,26.6955,0,9.46444,0,96,1,1,1,8663.42,0,0
2170,0,0,1.44563,0,56,1,1,2,11607.6,0,1
2174,5.33443,0,103.308,0,54,1,1,2,23537.6,1,0
2176,15.2889,0,52.2798,1,44,1,1,1,91008.7,1,0
2179,13.1921,0,63.0243,0,26,1,0,1,31166.6,0,1
2180,22.3052,0,51.7039,0,54,1,1,0,52284.7,0,0
2182,21.6372,0,139.208,0,94,0,1,1,87404.6,0,1
2185,14.638,0,99.0016,0,35,1,0,0,63782.6,0,0
2187,27.4205,0,23.7243,0,77,1,1,2,49910.7,1,0
2188,2.86002,0,75.7277,0,48,0,1,0,98129,0,1
2189,11.9684,0,25.585,0,66,1,1,2,76161.4,1,0
2191,23.2395,0,80.6481,0,97,0,0,1,12686,0,1
2192,20.3203,0,68.9099,0,62,1,1,0,56702.5,0,0
2194,0,0,4.02331,0,18,0,1,1,67112.7,0,0
2196,19.9806,0,10.4654,0,51,1,1,1,64880,0,0
2197,13.129,0,41.346,0,34,0,0,1,51472.3,1,0
2200,21.7216,0,14.3649,0,71,1,0,0,12860.5,0,0
2201,19.2848,2.02563,14.3827,1,30,0,1,2,85394,1,1
2205,6.99283,0,75.4874,0,18,1,0,2,87708,0,0
2211,19.8851,9.57747,19.2084,0,75,0,1,2,25738.4,0,1
2215,7.72735,0,255.236,0,84,1,1,0,50290.7,0,0
2216,22.163,0,37.0909,0,48,1,0,0,12134.7,1,0
2220,1.46904,0,43.9785,0,43,0,0,1,86252.8,1,1
2221,8.46054,0,116.249,0,94,1,1,0,87630.5,1,0
2226,20.2421,0,25.1256,0,19,1,1,2,92981.2,1,0
2239,23.5618,0,21.1174,0,75,1,1,2,71035.4,0,0
2251,29.5546,0,62.8186,0,78,0,1,2,26449.8,1,1
2254,13.8637,0,18.8157,0,26,1,0,1,76074.1,1,0
2256,17.3797,6.21243,51.1783,0,90,0,1,1,56722.8,0,1
2258,18.6693,0,12.216,0,39,0,1,1,23012.6,0,0
2264,12.5983,0,14.1915,0,23,0,0,2,48162,0,0
2266,24.8921,0,28.8231,0,22,1,0,1,27778.2,0,1
2268,16.5022,0,5.66643,0,37,0,0,0,71570.3,0,0
2270,23.7038,0,126.969,0,83,0,1,0,98056.3,0,1
2278,11.5683,0,70.8946,0,53,1,0,1,76394,0,0
2279,15.2777,0,25.6243,0,79,0,1,2,87297.9,1,1
2280,14.2087,0,43.0247,0,38,0,1,0,56518.4,1,0
2286,8.86308,0,72.1049,0,92,1,0,2,8014.59,0,0
2288,0.417484,7.35603,208.196,0,87,0,0,0,59232.8,0,1
2289,4.19305,0,161.815,0,76,1,1,1,72996,0,0
2301,11.059,0,30.2331,0,29,1,1,1,69294.7,1,0
2304,0,0,2.24539,0,83,1,0,0,91926,0,1
2305,0,0,3.45314,0,49,0,0,0,45818.7,0,1
2312,0,0,4.11108,0,61,1,0,0,5898.9,0,0
2317,27.5658,0,37.2949,0,50,1,1,2,14543.1,0,0
2319,9.17266,0,13.6095,0,25,1,1,0,52366.4,1,0
2320,29.9437,0,48.6059,0,56,0,0,1,49553.9,1,1
2322,12.3451,0,7.75723,0,58,0,0,1,540.406,1,0
2324,27.0551,1.98278,78.3761,1,57,0,1,0,57255.4,0,1
2326,7.99119,7.34012,87.8844,0,22,0,0,1,71941.5,1,1
2337,16.9221,0,93.2994,0,83,1,0,2,65330.2,1,0
2343,27.8303,5.19901,48.696,0,25,1,1,2,67339.8,0,0
2350,14.3904,0,8.03811,0,79,0,0,2,15688.5,0,1
2355,18.7215,0,91.5596,0,53,0,0,1,68767,1,1
2356,0,0,4.75942,0,27,0,1,0,50290.7,1,1
2362,7.42984,0,7.43851,0,78,0,1,2,92103.8,0,1
2363,25.0335,7.33096,54.8006,0,55,0,0,2,8392.14,1,1
2367,29.648,0,55.9291,0,32,0,1,2,16705.6,0,0
2376,22.1255,0,22.386,0,48,1,1,2,69005.6,0,0
2378,13.9383,6.61165,78.217,0,68,0,1,1,81641.2,1,0
2379,19.0625,0.358172,15.9826,1,40,1,1,1,62789.9,0,0
2386,28.7081,0,61.4862,0,54,1,0,1,13428.5,0,0
2387,12.0592,0,27.3879,1,41,0,1,1,3920.43,1,0
2398,26.4587,0,95.682,0,77,1,1,1,31841.7,1,0
2400,29.2244,0,35.1406,0,27,0,1,2,22137,0,1
2403,7.70607,4.5581,43.2099,0,74,1,1,2,70908.7,0,1
2406,12.8924,0,53.8174,0,66,0,1,2,67239.4,0,1
2407,6.90647,7.2177,128.106,1,70,1,1,1,69406.7,1,1
2410,0,0,4.46158,0,76,0,1,2,83259.3,0,1
2412,0,0,0.542815,0,66,1,1,0,42898.2,1,1
2413,12.4649,0,65.4019,3,33,1,1,1,78877.5,0,0
2414,13.6236,0,28.2283,0,54,1,1,0,68438.3,0,0
2417,12.0079,0,62.2259,0,67,1,0,0,9448.62,1,0
2418,1.71604,0,116.14,0,34,1,0,2,60095.2,1,0
2420,9.13712,6.29555,47.8516,0,19,1,1,1,20818.5,0,1
2421,15.2714,0,49.4208,0,82,0,1,1,11895.7,0,1
2422,0,0,4.21375,0,70,0,1,1,6388.65,0,1
2425,16.3717,0,7.00688,0,97,0,1,1,51261.9,1,1
2426,21.689,3.46063,17.375,0,93,1,1,1,76511.3,0,1
2428,0,0,3.38779,0,19,1,1,2,58774.9,1,1
2433,28.1642,0,249.961,0,86,0,0,2,84453.1,0,0
2434,21.4935,0,32.7447,0,73,0,1,2,33607,0,1
2437,17.7061,8.32147,17.1766,0,73,0,1,1,84601.4,0,1
2444,29.5386,0,98.2605,0,50,1,0,2,86905.4,1,0
2447,12.329,2.45732,47.5882,0,87,0,0,2,96025.5,0,1
2448,0,0,3.36571,1,59,0,1,2,36660.9,1,1
2449,10.6903,0,38.3941,0,23,1,1,2,24457.6,1,1
2452,18.0321,0,57.2927,0,71,1,1,2,36439.8,1,0
2455,22.5598,0,410.611,0,24,0,0,2,98226.2,1,0
2461,20.8669,0.864841,19.7807,0,86,1,0,1,94188.3,0,0
2471,10.2888,4.83185,13.8903,0,55,0,1,0,25080.6,1,1
2477,27.3968,0,51.4745,0,69,0,1,2,63670.8,1,1
2478,29.7358,5.24128,35.7321,0,40,1,0,0,5282.6,0,1
2486,4.79471,0,39.7619,1,79,0,0,0,77644.1,0,0
2494,22.6068,0,89.5906,1,78,1,0,0,80693.1,0,0
2495,0.637549,0,52.2243,0,46,0,1,0,50290.7,1,1
2496,3.97418,0,169.071,0,40,0,1,2,91051,1,1
2498,16.4982,6.43269,59.498,0,41,0,1,0,89915,0,1
2501,0,0,3.71098,0,19,0,0,1,90205.6,1,1
2507,0.268394,0,25.7933,0,70,1,0,2,14799.8,0,0
2508,6.19198,4.48021,7.83147,0,70,1,1,1,74381.5,0,1
2510,25.647,0,15.3094,0,83,1,1,1,9132.91,0,0
2514,16.2512,0,66.6216,0,77,1,1,2,29277.8,0,0
2521,3.32752,0,99.3243,0,91,0,1,0,99309,0,1
2522,26.3483,4.59337,86.0956,0,73,0,0,0,78564.7,0,0
2528,15.3052,0,8.55239,0,49,1,0,1,63230.3,0,0
2530,16.6496,0,130.563,0,56,1,0,1,98533.3,0,0
2531,12.8105,5.75778,101.556,0,79,0,1,0,50530.8,0,1
2534,4.80891,0,52.0429,0,91,0,1,2,8502.99,0,1
2540,23.2515,0,10.6193,0,46,1,0,0,14865.8,1,0
2549,1.76033,0,72.5617,0,47,1,1,0,84743.7,1,0
2564,8.87136,0,81.1727,1,89,1,1,2,64009.7,0,0
2569,0,0,4.89266,0,84,1,1,0,20159.5,0,1
2570,11.2622,0,83.6389,0,73,0,0,2,85184.6,0,1
2574,28.236,0,36.9643,0,77,0,1,0,17021.6,0,1
2579,1.88715,0,13.1598,0,43,0,0,0,96854.3,0,1
2586,9.08789,0,11.3943,0,93,0,0,1,31240.3,1,0
2590,4.27968,0,76.6167,0,25,0,0,2,61463.7,0,0
2591,29.9482,0,312.202,0,97,1,1,1,9148.27,0,0
2592,25.711,0,15.603,0,36,0,0,0,58488.3,1,0
2595,18.2549,0,47.4489,0,25,1,1,0,4592.8,0,1
2596,2.40823,0,50.5069,0,61,0,1,2,30998.8,0,0
2598,1.84921,0,34.1776,0,64,1,1,1,36510.9,0,0
2600,11.4021,0,62.5293,0,88,1,1,1,43378.2,0,0
2601,23.4489,0,98.1263,3,18,1,1,1,76137.8,0,0
2605,12.793,0,17.1793,0,72,0,0,2,63291.1,1,1
2608,10.4025,0,10.1182,1,92,1,1,1,81271.1,0,0
2613,28.6842,1.37433,13.292,0,40,0,1,0,47750.4,1,1
2615,27.335,0,75.2776,0,88,1,1,2,71686.2,1,0
2617,22.0692,0,140.862,0,29,0,0,1,73874.1,1,0
2621,0,0,1.46082,0,21,1,0,0,15924.2,0,0
2622,13.705,0,171.469,0,67,1,1,0,93201.3,0,0
2624,19.0204,0,52.2608,0,74,1,0,1,18064.4,1,0
2633,2.39773,0,15.5188,0,61,0,0,0,45667.1,1,1
2639,13.454,0,21.0919,0,77,1,0,0,73850,0,0
2640,23.1725,0,87.3969,0,21,0,0,2,21709.7,0,1
2645,0,0,0.566024,0,18,0,1,0,29696.1,0,1
2646,2.84135,0,24.4468,0,71,0,1,2,49745.3,0,0
2656,13.2499,0,79.936,0,32,1,0,1,54164.9,0,0
2658,7.75677,0,19.5679,0,52,0,0,0,15906,1,1
2660,3.98602,0.103954,53.689,2,78,0,1,0,50290.7,0,0
2663,13.3148,0,157.814,1,84,0,1,1,83850.5,1,1
2680,18.4217,6.4641,28.0665,0,35,0,1,2,50968.9,0,1
2683,7.06218,0,21.9974,0,38,0,1,2,60060.5,0,0
2684,0,0,3.01627,0,33,0,0,0,36486.4,0,0
2688,27.4972,0,6.15365,0,56,0,1,1,87302.6,0,1
2692,17.4051,0,6.31506,1,20,0,0,2,43046.4,1,0
2697,22.4673,4.16982,43.3427,0,20,0,1,2,88427,0,0
2701,23.7795,0,114.435,0,45,1,1,2,37877.6,0,0
2703,29.7964,9.89545,216.295,0,19,1,0,0,5930.86,1,1
2705,8.37702,0,16.4438,0,58,1,1,2,61334.8,1,0
2711,6.99929,1.15197,165.868,0,85,0,0,0,16175.6,0,1
2713,13.6973,0,74.1802,1,90,0,0,2,97445.2,1,1
2714,12.249,0,193.892,0,85,1,0,2,75639.8,0,0
2726,24.5955,0,30.1987,0,58,1,1,1,32981.6,1,0
2732,5.50095,4.51332,42.6387,0,94,1,1,0,83876.4,1,1
2734,9.39559,0,13.9003,0,90,1,0,2,81997,0,0
2737,24.8717,0,29.2212,0,37,1,0,0,83378.3,1,0
2738,17.1501,0,148.6,0,31,0,1,1,82388.2,0,0
2740,29.5234,0,167.321,0,64,1,1,2,80289.1,0,0
2742,23.7931,0,85.7463,0,86,0,1,2,23816.6,1,1
2743,22.3529,0,13.6095,0,26,0,0,0,41340.6,0,0
2748,22.9803,0,32.3687,0,34,0,0,2,90856.9,0,0
2749,2.87066,0,262.916,0,39,0,0,0,58623.8,0,0
2753,28.3269,0,10.8516,0,48,0,1,2,95429.7,0,1
2757,7.13521,0,36.2438,0,59,0,0,2,59478.8,0,1
2762,0.082955,0,8.41532,0,38,1,1,1,50535.8,1,0
2767,28.874,0,92.5245,0,62,1,1,2,33361.3,1,0
2770,0,0,2.63203,0,75,0,1,2,55272.7,1,1
2771,12.28,0,10.4193,0,56,0,1,0,50290.7,0,1
2772,2.39516,0,57.1307,0,39,1,1,0,110.284,0,0
2774,1.71821,0,12.8583,3,32,1,0,2,5565.43,1,0
2778,0,0,3.46013,0,70,0,1,1,22845.1,0,1
2785,24.9334,9.12701,12.7997,0,71,0,1,2,80844.5,0,1
2788,0,0,0.804101,1,63,0,1,0,88791.5,0,1
2789,0.578131,0,203.516,0,67,0,1,2,88177.1,1,1
2790,9.18751,0,34.259,0,71,1,1,0,37113.6,0,0
2793,6.1243,0,14.7859,0,58,1,1,1,4054.55,1,0
2794,18.5506,0,52.8012,0,61,0,0,1,32533.9,0,1
2798,13.156,0,35.8676,0,21,1,1,2,61825.5,0,0
2799,22.1464,0,8.91939,0,35,1,1,1,38997.7,0,0
2801,2.35948,0,36.9082,0,61,1,1,1,15865.5,0,0
2803,10.0427,0,46.3118,0,53,1,0,1,37111.5,1,0
2804,18.7594,0,15.2938,0,73,0,1,2,87182.7,1,1
2812,27.7041,6.11703,124.146,2,95,1,1,0,60101.1,1,0
2813,6.33387,0,62.2536,0,89,0,1,2,74628.1,0,1
2817,16.1932,0,160.422,0,39,0,1,1,13829.4,0,0
2820,28.0208,2.61489,73.4041,0,75,0,0,0,48755.1,0,1
2824,8.18728,0,190.782,0,33,0,0,1,68339.3,0,0
2825,26.459,9.24235,53.7848,0,25,0,1,0,98433.8,0,1
2826,14.6859,0,172.533,0,64,1,0,0,79937.2,1,0
2833,0,0,1.37543,0,64,1,1,1,56360.5,0,1
2836,2.01725,0,189.518,0,87,1,0,0,32683.9,1,0
2844,22.5139,0,5.37567,0,61,1,0,2,88408.2,0,0
2849,26.7302,0,20.4603,2,32,1,1,2,70722.3,0,0
2859,1.80486,0,12.7561,0,48,1,0,0,88044.4,0,0
2862,23.4419,0,22.1753,0,97,0,1,1,95971.9,1,1
2864,5.66638,0,103.797,0,87,0,1,1,50290.7,1,1
2869,22.0784,0,13.8167,0,57,1,0,1,41153.9,0,0
2870,24.2998,0,64.8363,0,60,1,0,0,3184.42,0,0
2875,0,0,4.83158,0,66,0,1,2,91649.1,0,1
2883,28.5795,0,160.272,0,63,1,1,0,97603.6,1,0
2890,6.05036,0,35.7319,0,74,0,0,2,60744.4,0,0
2894,17.4203,0,31.4833,0,41,1,1,0,63985,1,0
2899,10.4562,0,17.0779,3,63,0,0,0,19854.2,1,1
2901,4.68013,0,5.71764,0,34,0,1,0,17703.5,0,0
2907,29.8927,0.846595,38.4264,0,85,1,0,1,91100.6,0,0
2909,19.405,0.552016,8.69336,0,35,1,0,0,25938.5,1,0
2910,25.3917,0,7.49727,0,79,0,0,0,7379.6,1,1
2915,24.763,0,54.1442,1,53,0,1,2,19778.9,1,1
2916,12.933,0,207.598,0,46,1,1,2,60459.6,0,0
2922,19.9563,9.89823,101.088,0,66,1,0,0,57122.2,1,1
2925,13.1965,0,14.7279,0,29,0,1,0,58267.3,0,0
2926,22.6918,0,74.8986,0,77,0,0,0,70460.3,1,1
2931,29.4995,0,13.2439,0,67,0,1,2,98217.1,0,0
2934,3.69389,0,22.9237,0,96,0,0,1,32005.6,1,1
2935,25.0093,0,68.5177,0,97,1,1,1,5723.09,0,0
2936,19.8508,0,12.5824,0,48,0,0,1,55035.5,0,1
2938,6.95091,0,43.7586,0,94,1,0,2,14309.1,0,0
2947,24.6851,8.58961,31.7878,1,85,0,0,0,66502.3,0,1
2951,0,0,3.88711,2,45,0,0,1,85627.9,1,1
2959,8.66799,0,10.295,0,55,1,0,0,30751.8,0,0
2960,0,0,1.38671,0,28,0,1,1,7543.29,1,1
2963,0,0,1.17537,0,79,1,0,2,89566.2,0,1
2964,8.72216,0,8.47355,0,27,1,0,0,86631.9,0,0
2965,7.60565,0,7.26122,0,71,0,0,0,40519.3,0,1
2968,18.5323,0,68.4765,0,75,0,0,1,36939.7,1,1
2969,17.9885,0.24752,11.2188,0,41,1,1,1,40081.2,1,0
2973,23.6508,0,21.8857,0,84,1,1,1,68273.3,0,0
2974,27.2927,0,115.79,0,56,0,0,0,42795.9,1,1
2984,0.927649,0,8.07634,0,94,1,1,2,1140.26,0,0
2985,6.78246,0,132.658,0,66,0,1,2,41876.6,1,0
2986,0,0,1.31195,0,87,0,1,0,7657.96,0,1
2994,17.9997,0,133.759,0,20,0,1,2,59758.4,0,0
2997,29.4411,0,12.9438,0,52,0,1,0,8370.36,0,0
2999,0.349276,0,46.8929,0,65,0,1,1,7790.55,0,1
3001,20.717,6.23815,54.8003,1,41,0,0,2,27336.6,0,1
3002,19.0106,0,65.8549,0,49,0,0,0,64727.5,0,0
3003,21.2724,0,218.123,0,60,0,0,2,95930.6,1,1
3005,24.0339,0,10.3801,0,34,1,0,0,50290.7,0,0
3007,23.6613,7.93648,61.0049,0,49,1,1,1,20478.6,0,1
3011,4.21519,0,8.32676,0,20,0,1,0,72626.4,1,0
3012,11.8143,0.635238,5.73587,0,97,1,1,0,96223.4,1,0
3013,14.9031,0,26.5689,0,93,1,0,1,28485.7,0,0
3015,24.1475,3.10991,7.86899,0,30,0,1,1,69341.7,0,1
3016,25.247,0,41.8246,0,60,1,1,2,94329.6,0,0
3020,8.12122,0,33.2307,0,60,1,1,2,67933.8,0,0
3021,27.0445,0.905168,14.6383,0,91,1,1,0,17527.3,0,0
3026,22.0853,0.618278,110.129,0,24,0,1,1,88663.4,0,0
3032,11.9097,0,134.395,0,57,1,0,2,91136.2,0,0
3033,15.7148,0,12.2569,1,38,1,0,2,52600,0,0
3035,6.12324,0,90.2849,0,50,1,1,2,94902.6,0,0
3036,13.5626,0,35.8421,0,77,1,1,2,68704.3,1,0
3039,29.9682,0,105.663,0,51,0,1,1,78231,0,1
3042,25.4762,0,21.3693,0,33,0,1,2,28746.8,0,0
3046,19.942,0,29.3775,0,58,0,1,1,62260.2,0,1
3049,5.35361,0,42.4595,0,43,1,1,0,12439.4,0,0
3057,20.5275,6.38609,59.3892,0,33,0,1,0,60170.1,0,1
3059,22.4903,0,13.9872,0,22,1,1,1,57348.8,0,0
3063,26.0667,0,101.007,0,19,1,1,2,42630,1,0
3067,28.1111,0,17.6623,0,57,0,1,2,64977.4,0,0
3068,16.6623,1.92426,10.2102,0,44,0,0,2,36824.5,0,1
3069,21.596,0,21.4711,0,28,0,0,2,39223.2,1,1
3071,25.4135,0,5.4451,0,39,1,1,0,42700.5,1,0
3072,20.9383,0,8.17168,0,93,1,0,0,38248.3,0,0
3073,11.0209,0,9.26108,0,92,1,1,1,95020.4,1,0
3074,29.02,0,173.619,0,84,1,1,0,46514.2,1,0
3075,9.99993,0,101.674,0,50,1,1,1,19301.3,1,0
3076,5.93827,0,8.93041,0,73,1,0,0,1259.01,1,0
3095,6.56578,7.00371,82.3687,0,64,0,0,1,53357.2,0,1
3097,25.209,0,58.4254,0,80,0,0,0,65209.6,1,1
3098,18.3195,0,47.5755,0,37,0,0,0,5978.89,1,0
3100,22.7791,0,45.0301,0,78,1,1,0,92198.8,0,0
3103,21.8853,0,53.5592,0,97,1,1,1,63394.9,0,0
3104,8.20697,0,126.694,0,42,0,0,1,86021.7,1,1
3107,26.8567,0,14.5749,1,53,0,0,2,26107.5,0,1
3109,12.8634,0,18.7324,0,45,0,1,0,59008.4,1,0
3110,11.7436,0,38.3283,0,64,0,1,0,6528.38,1,1
3119,28.7913,5.21303,67.3586,0,52,1,0,0,54622.3,0,1
3125,19.0432,0,29.3991,0,47,1,0,0,64295.2,1,0
3131,21.9878,6.94184,12.8744,0,79,1,1,0,26074.5,0,1
3135,0,0,2.16376,1,60,1,1,1,20552.6,0,0
3138,14.1126,0,54.5537,0,37,0,0,0,47732,1,0
3141,15.1955,0,295.308,0,71,1,1,1,98967.7,0,0
3142,6.29222,0,66.4312,0,76,1,1,0,14271.8,0,0
3145,24.0217,3.40946,183.624,0,44,0,1,1,7700.73,0,1
3150,25.3286,0,51.0027,0,35,1,1,1,32238.2,0,0
3153,8.02892,0,46.1309,0,97,0,1,0,2902.34,0,1
3159,0,0,0.978654,0,22,0,0,2,50290.7,0,1
3160,12.2904,5.13274,88.6395,0,73,0,1,0,61438.2,0,1
3162,0,0,3.63059,0,70,1,1,1,17819.9,1,1
3163,25.3603,0,51.25,0,26,1,0,1,72649.3,0,0
3165,26.8278,0,19.2673,0,85,1,0,2,25353.4,1,0
3168,2.33003,5.30787,23.4676,0,79,1,1,2,5265.35,0,0
3171,2.19454,2.78176,46.7188,0,86,0,1,1,53357.9,1,1
3173,0,0,4.03276,0,57,1,0,0,96412.1,0,1
3176,22.7061,0,19.9768,0,33,0,0,2,59573,0,0
3179,13.2144,0,43.0174,0,97,0,0,0,84479.2,0,0
3183,6.00965,0,27.8207,0,27,1,1,2,89781.4,1,0
3185,1.6391,0,5.92369,0,40,1,0,1,66296.1,0,0
3188,23.8076,1.71934,29.7784,0,35,1,1,2,86549.5,0,1
3190,11.8319,1.20764,50.9435,0,86,0,1,0,31242.1,0,1
3194,4.00174,0,6.11348,0,46,1,0,0,90866.5,0,0
3195,9.65198,0,108.822,0,58,0,1,2,81711.9,0,1
3202,16.4401,0,77.7552,0,74,0,1,2,87844.8,0,1
3204,14.1437,0,30.3293,0,30,0,1,0,20058.4,0,0
3207,12.0936,0,119.016,0,28,1,1,1,52750.8,0,0
3209,22.1817,0,149.731,0,41,1,0,1,52231.5,0,0
3215,20.9211,0,9.01186,0,72,0,0,1,73338,0,0
3217,0,0,3.00148,1,93,0,1,2,96926.2,0,1
3220,21.4448,0,10.4368,0,31,1,1,0,15865,0,0
3225,25.9959,0,65.2902,1,71,0,0,1,68386.8,0,1
3229,0,0,0.703029,0,38,0,1,0,87920.5,0,1
3230,17.1276,3.04185,23.9923,0,60,0,0,1,92353.3,0,1
3234,14.2838,0,113.548,0,34,0,1,2,94778.3,0,0
3235,29.3446,0,49.5491,0,57,0,1,2,45488.3,0,1
3236,18.5119,0,27.3711,0,97,1,0,1,57347.6,1,0
3237,2.47651,0,21.5835,0,83,1,0,0,52774,0,0
3241,15.9748,0,51.8426,0,76,0,1,1,56545.8,1,1
3242,7.25034,0,10.9854,0,30,0,1,2,45171.2,0,0
3243,14.4353,0,35.2072,0,34,0,0,2,76578.7,1,0
3245,5.604,0,50.8821,0,64,1,1,2,98855.5,0,0
3246,19.4703,0,7.43847,0,63,1,1,1,81686.6,0,0
3247,26.552,2.64979,17.3648,0,45,0,1,1,8469.02,0,1
3253,19.7098,0,28.7132,0,60,1,0,0,67477,0,0
3255,6.20763,0,10.6591,0,97,0,0,1,62903.3,0,1
3259,12.7601,0,16.4203,1,73,0,1,1,19621.6,0,1
3262,10.4476,0,10.8087,1,22,0,1,1,50290.7,0,1
3263,2.64458,0,50.2274,0,67,0,1,2,99100.1,0,1
3265,14.7303,0,22.8042,0,97,1,1,2,1585.99,0,0
3266,16.1393,5.97545,51.021,0,33,0,1,2,85433.1,1,1
3268,3.20585,0,72.4932,0,58,1,0,1,69473.4,1,0
3270,5.83569,0,31.9199,1,47,0,0,0,28891.2,0,1
3276,27.3292,0,25.1112,0,95,0,1,2,46273.9,0,0
3281,25.0066,0,22.2595,0,36,1,0,1,93607.8,1,0
3284,15.8394,0,27.1349,0,79,1,0,1,67137.7,0,0
3288,28.1466,0,22.9165,0,60,0,1,2,48874.7,0,1
3290,0,0,3.01842,0,93,1,1,2,90189.1,0,1
3291,0,0,2.41903,0,18,1,1,2,53589.8,0,1
3292,23.3328,0,64.9491,0,55,0,1,0,53755.7,0,1
3294,29.982,0,146.441,0,72,0,1,1,74263.8,0,1
3298,8.15963,0,27.7231,0,31,1,0,0,6121.14,0,0
3299,14.8847,8.36166,15.798,0,44,0,1,0,31561.5,0,1
3318,0,0,2.25024,0,25,0,0,2,68616.5,1,1
3320,5.13402,0,69.7986,0,75,0,1,1,55187.6,0,1
3322,27.4286,0,42.5291,0,53,1,1,2,14500.3,0,0
3323,13.4209,1.25627,13.1257,0,21,0,1,2,585.733,0,1
3328,4.2266,0,114.259,0,34,0,1,2,16616.3,0,0
3332,12.0004,0,150.856,0,66,1,1,1,31672.4,0,0
3334,25.9964,0,9.94679,0,63,1,1,0,50290.7,1,0
3336,21.4823,0,60.3808,0,89,1,0,1,73965.2,0,0
3340,6.29913,0,66.5823,0,50,1,1,2,72356.8,0,0
3342,7.90037,0,14.3514,1,78,1,0,0,64893.7,1,0
3346,6.08725,4.1868,44.9078,0,62,0,1,0,18831.1,0,1
3362,12.693,0,5.05937,0,44,0,1,0,1461.98,0,1
3364,21.64,0,87.4004,0,30,0,1,0,2031.61,0,0
3365,3.67036,0,61.6064,0,71,0,1,1,29902.9,0,1
3366,25.8621,0,51.7306,0,64,0,0,0,97524.5,0,1
3370,14.0737,0,42.9167,0,33,1,0,0,5466.39,1,0
3377,27.7349,0,44.5288,0,27,0,0,1,38458.6,1,1
3378,2.47267,4.40792,107.695,1,46,0,0,0,50451.6,0,1
3379,16.2225,0,16.7674,0,46,0,0,2,41146.2,0,1
3381,24.6371,0,5.48755,0,96,1,1,0,61550.6,1,0
3382,0,0,2.84704,0,24,1,0,0,43082.6,0,1
3384,24.5967,0,76.639,0,95,0,0,2,7659.09,0,1
3387,3.89387,0,67.7311,0,19,1,0,0,71861.9,0,0
3388,29.06,0,46.2733,0,23,0,0,1,55844.7,0,0
3389,0,0,3.90006,0,21,1,1,0,25330.7,0,1
3393,1.10553,0,115.614,0,94,0,0,1,91346.9,0,0
3394,16.1526,0,145.353,0,62,0,0,0,72358.6,1,0
3395,12.0547,0,13.3229,0,52,0,0,0,44497.3,0,1
3396,8.40618,8.63722,86.6497,0,55,1,0,2,69710.9,1,1
3397,9.24172,0,52.2177,0,82,1,1,2,77665.6,0,0
3399,9.36452,0,15.7563,0,19,1,1,2,22567.9,1,0
3405,0,0,3.61074,0,33,1,1,2,42763.7,1,0
3408,0.681919,9.46039,79.8908,0,94,0,0,1,46480.7,0,1
3409,4.05215,1.16075,93.4666,0,65,0,0,0,35219.6,1,1
3414,8.25672,0,41.1116,0,44,1,0,2,31264.5,1,0
3415,1.52811,0,7.54218,0,76,1,0,1,64520.3,0,0
3417,20.2409,0,75.8425,0,52,1,0,2,37480.8,0,0
3418,24.734,0,21.1682,0,28,1,0,0,37135.5,0,1
3425,3.27869,0,133.669,0,92,1,1,2,24344.1,0,0
3426,0,0,2.27498,0,93,1,0,0,44173.9,1,1
3432,1.86643,0,12.1387,0,66,0,1,2,28384.5,1,1
3433,10.7851,0,41.0129,0,79,1,0,2,97928.4,0,0
3434,24.3865,0,48.3832,0,51,0,1,1,53676.8,1,1
3443,0,0,2.77568,0,50,1,1,0,33043.1,0,1
3444,3.58022,0,13.8157,1,43,1,1,2,68467.1,0,0
3447,9.04444,2.07067,127.79,0,96,1,1,2,57877.5,0,1
3460,13.2413,0,81.583,0,96,1,0,2,57814.5,0,0
3462,7.10658,0,19.4953,0,81,1,0,0,67634.7,0,0
3469,29.8562,0,25.8336,0,27,0,1,1,83682.9,0,0
3470,25.8056,0,78.7531,0,86,1,1,0,98399.9,1,0
3471,1.21346,0,72.6176,0,22,0,1,1,67744.5,1,0
3474,12.4187,0,89.7921,0,60,0,1,1,47468.6,0,1
3478,23.9462,0,17.886,0,80,0,0,2,47893.1,0,1
3481,0,0,3.83152,0,92,0,0,2,50290.7,0,1
3483,24.6081,0,21.9401,0,68,1,0,1,14904.1,0,0
3486,5.31792,0,69.5762,0,42,1,1,0,42639.1,1,0
3489,0,0,1.05635,1,26,0,1,1,81295.5,0,1
3490,19.4614,7.10684,64.51,0,28,0,0,2,90364.4,0,1
3492,3.82055,0,65.6777,0,79,1,1,2,73113.3,0,0
3493,11.8525,0,176.485,0,71,0,0,2,4581.9,0,1
3494,20.7321,0,87.9334,0,89,1,1,1,87660.8,0,0
3506,27.8237,0,124.746,0,70,1,0,0,56421.8,1,0
3511,10.8547,0,122.452,0,48,0,1,2,44596.4,0,1
3518,0.031102,0,46.0408,0,60,1,0,1,86629.3,0,0
3525,1.69428,0,67.3496,0,49,1,0,0,41862.6,0,0
3528,8.3736,0,20.7093,0,62,1,1,2,64283.2,1,0
3529,14.7731,0,30.419,0,86,1,1,0,92167.3,1,0
3530,15.1493,0,22.3891,0,37,1,0,0,79245.1,0,0
3532,1.83482,0,34.2969,0,46,1,1,0,82196.6,0,0
3535,11.8219,0,27.6786,0,62,0,0,2,15981.7,0,1
3538,12.0306,0,5.83201,0,56,1,1,2,77246.3,0,0
3544,15.7879,0,77.7317,0,52,0,1,0,67026.6,1,1
3545,8.78489,0,120.532,0,44,0,0,0,21038.9,0,1
3555,10.8792,0,47.6552,0,94,0,0,2,49724.1,0,1
3563,21.7424,0,5.04285,0,28,0,1,1,24935.2,0,1
3565,15.5373,0,57.3247,0,80,1,0,1,15060.6,1,0
3569,0.4372,0,234.595,0,72,1,0,1,95935.2,0,0
3579,9.64679,0,158.337,0,46,1,0,1,11416.7,0,0
3580,19.733,0,71.32,1,81,0,1,1,70052,0,1
3583,19.3254,0,10.6727,1,88,0,1,2,66906.6,0,1
3585,10.58,0,37.2766,0,53,1,1,2,37354,0,0
3587,21.7577,0,11.0059,0,56,1,1,2,79952.9,0,0
3588,26.9904,0,33.7167,1,23,0,0,1,76659.2,0,0
3595,10.9408,6.76979,50.7815,0,42,0,1,2,75750.1,1,1
3597,28.0543,0,29.4358,0,29,0,1,1,50290.7,0,1
3599,26.8561,0,213.184,0,86,1,1,2,78801.2,0,0
3612,16.5445,0,143.323,0,80,1,1,1,73152,1,0
3617,21.4397,0,79.9598,0,33,0,1,2,68203.8,1,0
3618,0,0,1.47565,0,53,0,0,1,23526.2,0,1
3621,19.7022,0,43.3023,1,78,0,0,0,29534.4,0,1
3622,0,0,4.11308,1,79,0,0,1,38777.7,0,1
3624,0,0,4.45334,0,90,0,1,2,63000.1,0,1
3627,5.90461,0,29.6062,2,83,0,1,1,75265.3,0,1
3628,2.12448,0,145.643,0,68,1,0,1,92426.5,0,0
3630,0,0,2.13548,0,58,1,0,2,17371,0,0
3633,24.2513,9.41978,57.8472,0,21,1,0,1,92788.1,0,1
3636,10.6868,0,183.138,0,30,1,1,2,25298.6,0,0
3637,28.4637,0,109.124,0,65,1,1,2,29609.7,1,0
3640,26.7178,3.26158,37.8431,0,88,1,1,1,21890,1,1
3642,0,0,2.85577,0,59,1,1,2,18686.3,0,1
3647,0,0,3.47132,0,65,0,0,2,85048.1,1,1
3648,28.5765,0,91.573,0,75,1,1,0,47131.5,0,0
3650,21.9974,0,66.586,0,50,0,1,0,70004.1,0,1
3651,3.9878,0,73.4533,0,40,1,1,0,66223.5,0,0
3656,0,0,2.60748,0,40,0,0,1,1302.4,0,1
3658,26.2327,0,188.736,1,32,0,0,2,63041.1,1,0
3659,0.408142,0,5.20025,1,23,0,1,0,35170.8,0,1
3661,16.3833,0,9.7317,0,63,0,0,0,3902.04,0,0
3665,21.5273,0,26.5441,4,31,0,1,2,55977.7,0,0
3667,0,0,1.52375,0,29,0,1,0,6921.4,1,1
3670,1.31639,0,11.2532,0,64,0,1,1,45682.8,0,0
3674,25.8862,0,5.87153,0,50,0,1,2,38281.1,0,1
3675,29.2718,6.33115,109.855,0,29,1,0,0,18861.6,1,1
3683,2.51035,1.36273,29.202,0,19,1,1,0,89958.8,0,0
3691,19.5593,7.76432,55.654,0,25,0,0,0,50290.7,1,0
3692,18.1233,0,21.0061,0,30,0,1,0,61971.9,1,0
3696,11.5308,0,7.03628,0,23,1,1,2,25672.6,0,1
3698,6.33104,0,26.9758,0,82,1,1,2,38457.9,0,0
3703,26.681,0.666323,11.0526,0,67,0,0,1,96519.1,1,1
3705,15.5096,0,5.10477,0,46,1,1,0,34805.5,0,0
3709,19.8755,0,91.9566,0,82,0,1,0,38687.2,0,1
3710,15.1422,0,23.1152,0,62,0,0,0,69977.3,0,1
3719,2.31247,8.81999,8.50322,0,96,1,1,2,95184.9,0,1
3722,2.53763,8.89975,73.9732,0,64,1,0,0,53919.9,0,0
3728,16.6005,0,59.1496,0,85,1,0,1,84100.4,0,0
3730,16.1366,0,56.4104,0,90,1,1,0,60550.5,0,0
3735,10.7742,0,76.41,0,83,1,1,0,14604.9,0,0
3737,5.63842,0,25.8603,0,18,0,1,1,97220.7,0,0
3738,21.9837,0,80.0517,0,38,1,1,0,82003.9,1,0
3741,9.782,0,68.6176,0,78,1,1,1,23919.1,0,0
3745,14.9745,0,74.2531,0,33,0,1,2,90971.4,1,0
3747,10.8491,0,161.387,0,41,0,1,0,57307.1,0,1
3748,27.4437,0,53.8503,0,65,0,0,0,73918.3,0,1
3749,8.42509,0,86.2524,0,52,0,1,2,58629.5,0,0
3752,20.7972,0,14.871,0,20,1,1,2,13573.9,0,0
3753,21.8616,0,78.8145,0,32,0,1,1,22039,1,0
3764,24.6122,1.31788,15.1574,0,61,0,0,0,11890.1,1,1
3767,0.31846,0,8.48546,0,20,1,1,0,8875.47,0,1
3770,22.2936,0,16.9597,0,74,0,0,0,94582.3,0,1
3772,27.0936,0,39.7357,0,35,0,1,0,77680,0,0
3775,23.3015,0,291.729,0,71,0,0,0,61453.1,0,1
3778,20.8213,0,15.0239,0,87,1,0,1,45476,0,0
3779,25.1052,8.39015,38.6515,0,82,0,0,0,65670,1,0
3792,18.5733,0,135.354,0,33,1,1,2,32573.8,1,0
3793,1.48658,0,86.027,0,89,0,0,0,63092.2,1,1
3794,4.78622,0,60.8384,0,54,1,1,0,4755.27,0,0
3795,9.05663,0,34.6184,1,69,0,1,2,22925.1,0,1
3796,13.683,0,166.827,0,83,1,0,0,90513.2,0,0
3798,29.5002,0,30.2097,0,91,1,1,0,50290.7,0,0
3801,13.3244,6.33098,177.741,0,19,0,0,2,39782,0,1
3803,20.0582,0,21.4735,0,78,1,1,0,84269,0,0
3804,26.1489,0,33.2367,0,94,1,1,1,83495,1,0
3809,6.89517,0,39.2138,0,83,0,0,1,28796.4,1,0
3812,24.1362,0,79.3633,0,32,0,1,2,76791.5,0,0
3817,11.4296,0,37.9439,0,66,0,0,1,56562.9,0,1
3818,7.54489,0,82.8476,0,42,0,0,0,74342.9,0,1
3825,7.87834,7.99085,189.931,1,27,0,1,2,90672.6,0,0
3826,13.91,0,155.614,0,80,0,1,1,2279.44,1,0
3827,25.1934,8.89503,86.2293,1,74,1,1,1,47927.1,0,0
3829,29.8622,8.32614,70.5877,0,94,0,1,1,15862.7,1,1
3844,2.37457,9.9509,81.768,0,35,1,1,2,15269.1,0,0
3846,23.1672,0,44.3241,0,93,0,0,0,32480.3,0,0
3848,7.50878,0,84.8395,1,30,1,1,2,18893.4,0,0
3852,29.1997,0.018134,29.3937,0,40,1,1,2,24329.4,0,0
3854,0,0,2.02283,0,25,0,0,0,30094.6,0,1
3855,0,0,3.8675,2,72,1,0,1,92769.4,0,1
3858,3.33202,0,40.6352,1,22,0,1,1,91390.6,0,0
3873,8.48025,0,28.8384,0,72,0,1,1,90912.8,0,1
3879,4.47303,0,32.9076,1,83,1,1,1,71000.5,1,0
3880,14.1005,0,17.537,0,94,0,0,1,51269.9,1,1
3887,2.721,0,14.9633,0,21,1,1,2,58963.7,0,0
3890,7.7347,0,89.8086,0,95,1,1,1,58167.3,1,0
3894,4.30336,0,5.46994,0,82,1,1,1,53582.6,0,0
3896,6.22791,0,21.4435,0,55,0,0,0,43734.1,0,0
3901,8.33371,0,58.8872,0,43,0,1,1,32806.3,0,1
3909,0,0,4.4264,1,43,1,1,0,5976.68,1,1
3910,14.7359,0,35.7822,0,77,1,1,0,31852.4,0,0
3911,13.1121,0,55.1559,0,81,0,1,1,71668.2,1,1
3913,0,0,3.97983,1,88,1,1,2,81710,1,1
3915,0,0,1.60245,1,69,1,1,0,62150.4,0,1
3917,27.334,7.41943,112.31,0,53,1,0,2,8854.31,0,1
3918,9.57796,0,241.72,1,88,0,0,1,46056.8,0,0
3933,16.2527,4.67846,57.3597,0,22,1,1,2,65129,1,0
3936,13.3506,0,8.76514,0,55,1,0,2,16938.5,0,0
3937,20.464,0,6.72641,0,30,0,1,0,30174.2,0,0
3939,8.39001,0,26.4818,0,91,0,1,0,82001.8,0,0
3940,22.2985,0,15.5818,0,19,0,1,0,26619.8,0,1
3944,0.644928,0,121.178,0,29,1,0,0,94179.1,0,0
3946,25.4194,0,97.3763,0,33,0,1,1,82190.5,1,0
3950,5.23054,0,28.3951,0,62,1,1,1,57974.8,1,0
3952,1.2827,0,55.967,0,82,1,0,2,50290.7,1,0
3953,6.95672,0,11.0304,3,87,0,0,0,70492.4,0,1
3955,28.7039,0,60.3529,0,71,1,1,1,8073.11,0,0
3959,0,0,4.80392,0,74,0,1,2,98538.2,0,1
3960,23.6862,6.07276,7.83068,1,96,1,1,0,8118.75,0,1
3961,24.2495,0,5.21194,0,80,1,1,2,95448.6,1,0
3962,28.8216,0,97.0502,0,25,1,0,1,24141.5,1,0
3965,5.83922,0,103.013,0,21,0,1,0,27469.5,1,1
3966,23.3934,0,23.931,0,66,0,1,1,62503.9,0,1
3967,26.8615,8.55371,9.91982,0,48,0,1,1,75738.8,1,1
3971,1.39505,0,44.2104,0,92,1,1,0,29854.3,0,0
3976,0,0,1.64796,0,88,0,1,2,80326.6,1,1
3982,15.5485,5.87076,15.5908,0,69,1,1,0,4684.74,0,1
3988,13.4782,0,40.2315,0,52,1,0,0,42760.5,0,0
3989,23.5092,0,10.7463,0,60,1,0,1,49072,0,0
3994,0,0,2.5193,0,71,1,1,0,64882,0,0
3996,27.2746,0,191.49,0,79,1,1,2,76486.8,1,0
3997,1.60277,7.60319,22.5395,0,92,1,1,0,92093,1,0
4002,15.0903,0,56.8987,0,19,0,1,0,68987.5,0,0
4003,21.5448,0,12.1329,0,26,0,1,1,68200,1,0
4007,25.1157,0,284.106,0,70,0,1,1,28197.3,1,1
4011,17.4422,0,28.4159,0,55,0,1,0,67720.2,1,1
4013,15.864,0,27.3194,0,72,0,0,1,78796,0,1
4015,7.74854,0,6.21263,0,69,1,1,0,95405.7,0,0
4017,28.8239,0,37.0686,0,33,1,0,1,53883.9,0,0
4018,14.581,0,92.5164,0,78,1,1,1,7426.81,1,0
4020,12.2392,0,23.5582,0,52,1,1,2,28255,0,0
4023,2.99973,0.871178,20.7412,0,36,1,0,2,55485.8,1,0
4024,8.64636,0,69.925,0,43,0,0,1,53989.3,0,1
4029,7.3473,0,47.4441,0,33,1,1,1,19173.6,0,0
4031,10.6579,0.600762,286.242,0,64,0,1,1,79734.6,1,1
4034,5.73078,0,294.599,0,49,0,1,2,69865.2,0,1
4035,18.0294,0,136.47,0,81,1,1,2,90478.6,0,0
4038,6.95438,0,41.9929,0,81,0,1,1,50860.7,1,1
4040,23.467,0,28.7572,0,56,0,0,2,96863.6,0,1
4047,22.2973,0,11.0478,0,33,0,1,2,29368.6,0,0
4052,14.1864,0,30.6993,1,62,1,1,2,50290.7,0,0
4053,8.51265,0,71.0759,0,24,0,1,1,15041.2,1,1
4063,12.3312,9.92125,63.9958,1,33,0,0,2,13669.8,0,0
4065,16.213,0,145.631,0,40,0,0,1,26756.6,0,1
4068,0,0,4.97584,0,96,1,0,1,86711.3,0,1
4081,18.568,0,79.0549,0,94,1,0,0,79690.8,1,0
4082,0,0,1.97326,0,90,1,1,0,56894.8,0,1
4084,24.3494,0,8.17928,0,22,1,1,2,12389.3,1,0
4085,23.4419,0,6.69881,0,77,1,1,1,21747.7,0,0
4086,5.21781,0,66.8202,0,53,1,1,0,42370.2,0,0
4093,28.6173,0,59.5167,0,97,1,1,2,47333.3,0,0
4094,8.05401,0,19.2883,0,85,1,0,0,89788,0,0
4101,21.4357,0,27.6202,0,53,0,0,2,4089.59,0,1
4104,14.7189,0,11.5548,0,76,0,1,1,87797.5,1,1
4108,0,0,0.961799,0,66,1,1,1,29672.4,0,1
4111,13.6689,0,38.2748,0,78,1,0,0,54670.4,1,0
4113,12.5636,8.71515,39.1877,0,37,0,0,1,82335.5,0,0
4115,9.81864,0,25.1093,0,21,0,1,1,78855.5,0,0
4123,10.3443,0,19.0456,0,48,1,1,2,7122.16,1,0
4125,22.2855,6.46018,15.8746,0,80,0,1,1,26609.9,0,1
4129,18.7478,0,7.62216,0,21,1,1,0,57596.1,0,0
4130,21.1189,0,5.25687,0,66,0,0,2,43654.4,0,0
4132,21.1113,0,25.9043,0,56,1,1,0,55501.6,1,0
4136,0,0,3.95016,0,95,0,1,0,11020.3,0,1
4137,0.832241,0,25.1199,0,64,1,0,1,15822.6,1,0
4138,4.97757,0,84.613,0,76,1,1,2,23536,0,0
4139,6.94751,2.77423,122.039,0,37,0,0,0,95261.8,0,1
4140,5.3507,9.31161,78.9478,0,55,0,0,0,40200.7,1,1
4141,0,0,0.395972,0,40,0,1,1,50290.7,0,1
4144,17.8976,0,20.8886,0,40,1,1,0,77717.1,0,0
4146,16.1892,0,24.4302,0,34,1,1,2,14794.3,1,0
4152,11.0137,0,36.8836,0,59,0,1,0,887.5,0,1
4153,0,0,3.50163,0,23,1,1,0,91659.9,0,1
4155,23.9941,4.35403,39.5583,0,79,0,1,0,2759.49,0,1
4166,14.0301,0,174.155,0,68,1,1,2,89449,0,0
4174,24.7617,0,6.95498,0,47,1,1,2,42818.5,0,0
4180,26.1194,5.56616,38.0603,0,44,1,0,2,54953.1,0,0
4185,0,0,1.15293,0,74,1,0,0,13899,1,1
4186,13.1169,0,43.9581,0,75,0,1,0,16814.1,1,0
4189,4.72776,0,81.0055,0,33,0,0,2,1144.36,1,0
4194,10.3213,0,22.4784,0,82,0,1,2,72092.3,0,1
4198,0,0,1.11971,0,77,0,0,0,29410.6,0,1
4199,23.5691,0,21.6844,0,83,1,1,1,68290.8,1,0
4201,28.3241,0,12.4055,0,60,0,0,2,24703.8,0,1
4202,12.1377,0,15.7445,1,35,1,0,0,44909.2,0,0
4209,15.4159,0.392729,150.51,0,85,1,1,1,58310.2,1,0
4212,2.72072,0,80.2694,0,88,0,1,1,96090.2,0,0
4213,2.88359,0,10.2533,0,27,0,0,0,67668.3,0,0
4217,17.3773,0,90.58,0,31,1,0,0,6165.64,1,0
4228,16.7986,0,268.958,0,47,1,0,2,23511.4,1,0
4230,15.7461,0,32.8457,0,39,0,1,1,46736,0,0
4234,23.0873,0.859056,88.8334,0,62,0,1,2,127.237,0,0
4238,24.2633,0,8.64572,0,91,0,1,1,57517.9,0,0
4242,21.4462,0,30.6515,0,57,0,1,0,70459.5,0,1
4256,20.4142,0,81.4826,0,86,0,1,0,85180.1,0,1
4261,3.24272,0,42.3019,0,71,0,1,0,67812.8,0,1
4262,21.0535,0,28.3802,0,97,1,1,0,45871.4,0,0
4263,11.0465,0,285.176,0,49,1,1,2,90414.9,1,0
4264,10.2292,8.00508,139.482,0,77,1,1,0,31650,1,0
4265,11.1352,0,110.787,0,24,1,1,0,25921.4,0,1
4267,16.1686,0,6.10625,0,50,0,1,2,11458.4,1,0
4271,14.6017,0,94.3562,1,40,1,0,0,67823.5,1,0
4273,25.4011,2.68168,69.9512,0,74,0,0,1,52307,0,1
4282,20.8513,0,21.9948,0,88,0,0,2,18172.8,1,1
4287,24.6642,0,32.3383,0,61,1,0,0,77920.8,0,0
4290,20.1769,9.16068,46.2618,0,38,1,1,2,52989.2,0,1
4291,17.1206,0,57.778,0,83,0,1,0,42491.4,0,0
4298,7.03282,9.57865,104.796,0,64,1,1,1,10286.4,0,1
4303,3.16024,0,105.555,0,32,0,1,2,82258.2,1,0
4310,27.6295,0,79.355,0,58,0,1,0,11253,1,1
4315,8.79363,0,23.9396,0,62,1,0,2,10219,1,0
4317,13.763,0,26.9246,0,28,1,1,1,43448,0,0
4320,13.237,2.91955,16.0157,0,83,0,1,2,85022.1,0,1
4321,4.32101,0,32.9986,0,22,1,1,2,33149.2,0,0
4323,16.7478,0,262.644,0,37,0,0,2,34567,1,0
4324,3.51685,0,49.6533,3,58,0,0,1,53357.4,0,0
4328,14.066,0,78.9277,0,55,0,1,2,9665.54,1,1
4331,29.059,0.301049,65.3604,0,97,1,1,0,39383.4,1,0
4332,0,0,3.41915,0,26,1,1,0,10095.8,0,1
4334,22.3454,0,81.6598,0,37,1,0,0,32872.1,0,0
4339,4.91222,6.46912,116.419,0,23,1,0,1,50290.7,0,1
4342,25.3542,6.10304,73.6649,0,69,1,0,2,52127.5,0,0
4345,15.8182,0,108.035,0,65,0,0,2,18151.6,0,1
4350,27.3051,3.44482,20.5842,0,59,1,0,0,21893.6,0,1
4351,25.5922,0,46.152,0,52,1,0,2,78731,0,0
4354,14.2638,0,30.0289,0,95,1,1,2,23764.3,0,0
4355,0,0,3.87496,0,29,0,0,1,28504,0,1
4360,2.69652,0,9.11615,0,62,1,0,2,23715,1,0
4362,6.29948,0,60.523,0,46,1,0,1,55634.8,0,0
4365,10.6672,0,233.81,0,87,0,1,1,12935.2,0,1
4366,29.6784,4.22086,233.985,0,32,0,1,1,47211.6,1,1
4367,17.481,0,23.7738,0,49,0,1,1,97841.7,0,1
4368,21.4506,0,55.4663,1,88,0,0,2,94665.2,0,1
4369,4.03682,0,14.1821,0,51,0,1,2,33790.9,0,1
4372,13.3628,0,167.637,0,30,0,1,1,82743,0,0
4373,25.0731,8.53332,10.2787,0,59,0,1,0,10384.5,0,1
4375,27.6714,0,58.947,0,48,1,1,2,60463.4,1,0
4381,17.5174,0,47.5131,0,43,1,0,2,57976.7,0,0
4383,20.8472,0,51.8736,0,95,1,1,1,65745.1,0,0
4384,8.94079,0.985628,70.8166,1,29,1,1,1,38230.4,0,0
4392,0,0,0.662363,0,92,1,0,0,49551.8,0,1
4396,0.088554,0,19.9066,0,96,1,1,1,48713.6,1,0
4402,19.5487,0,102.488,0,34,0,0,1,95986,0,0
4403,10.7675,0,64.6239,0,94,0,1,2,37742,0,0
4409,25.5895,0.699918,49.2696,0,76,0,1,1,349.091,1,1
4411,11.5682,0,12.4691,0,60,0,1,2,99488.1,1,0
4413,21.8697,0.765878,146.386,0,30,1,1,2,17555.2,0,0
4416,17.2698,0,20.3394,0,83,1,0,2,58580.6,1,0
4427,7.19444,0,187.505,0,61,1,1,2,53619.2,0,0
4435,24.1507,0,12.9999,0,27,1,0,1,16712.9,0,1
4442,19.3284,0,12.2146,0,34,0,1,0,32657.7,0,0
4454,22.7744,0,28.0502,0,39,1,1,0,29227.8,0,0
4455,23.9332,0,5.97827,0,87,1,0,0,37882.5,0,0
4456,12.34,0,80.9225,0,91,0,0,2,69984.1,1,1
4463,0.735804,0,8.89388,0,44,1,0,2,11861.4,0,0
4466,10.4651,0,33.1583,0,44,0,0,0,44183.9,1,1
4471,25.558,0,53.2026,0,26,1,0,0,34129.2,1,1
4486,25.0392,0,30.8911,0,49,1,0,0,20730.7,0,0
4497,29.0378,0,8.27892,0,56,1,1,1,7330.68,1,0
4501,24.0032,0,61.2802,0,96,1,1,1,50290.7,0,0
4509,15.2811,1.84284,49.5101,0,77,1,0,0,81875.8,0,0
4514,0,0,4.00855,0,27,0,0,2,3353.28,1,1
4518,7.38531,0,6.8043,0,52,0,0,0,52963.3,1,1
4519,8.27729,0,7.92202,1,78,1,1,2,92731.3,1,0
4525,5.9858,7.96022,85.21,0,42,1,1,0,4324.22,0,1
4526,21.7167,7.86487,80.6073,0,63,1,0,0,90335.6,1,1
4536,12.0625,0,22.0525,0,28,1,1,1,10385.3,0,1
4539,0.824607,0,103.01,0,90,0,1,1,60034.9,1,0
4540,15.2063,0,22.145,0,70,0,1,1,37521.4,0,0
4544,11.3941,0,103.068,0,68,1,0,0,3409.01,0,0
4546,1.56836,0,153.823,0,40,0,0,1,16463,1,1
4548,20.6213,0.095334,69.5524,0,31,1,0,1,28464,1,0
4549,24.8182,0,79.3487,0,25,0,0,1,7320.73,0,1
4551,18.2246,0,122.35,3,28,1,1,0,96563.5,1,0
4552,10.2546,1.93639,145.072,1,54,0,0,0,60774.6,0,1
4558,9.49196,1.69723,32.166,0,44,1,1,1,36638.2,0,1
4564,27.4367,0,10.943,0,39,0,0,2,51662.2,0,0
4565,21.4132,7.61554,66.787,0,69,1,1,0,67108.3,1,1
4567,0,0,2.70849,0,42,0,1,1,82666.3,0,1
4570,0,0,0.266878,1,77,1,1,0,26266.3,1,1
4571,23.6194,0,84.7282,0,29,1,1,2,21288.3,0,1
4584,27.704,0,39.1718,1,78,1,0,0,59699.8,0,0
4587,7.94942,0,118.236,0,87,0,0,0,20409,1,1
4589,17.0927,0,48.975,0,27,1,1,0,85079.5,0,0
4590,16.696,0,71.6837,0,63,1,1,2,31282.8,1,0
4592,6.25047,0,72.5603,0,26,0,1,0,57372.4,1,0
4602,24.9479,0,29.1095,0,89,0,0,2,27492.2,0,1
4604,18.572,0,56.6625,0,73,1,1,0,19654.9,0,0
4605,23.7191,0,186.103,0,84,0,1,2,23684.1,0,0
4607,9.26598,0,53.3714,0,73,1,1,2,7010.68,0,0
4612,25.2909,0,46.7309,0,84,0,1,0,87840.6,1,1
4613,9.87161,0,33.0666,1,45,1,1,2,23695.6,0,0
4614,17.2752,0,8.98647,2,24,0,1,1,33065,0,1
4619,14.2911,0,64.3278,0,32,1,1,2,24176.8,1,0
4622,25.4637,0,43.9116,0,46,1,1,0,10689.4,0,0
4628,5.51778,0,16.0516,0,18,1,0,2,19546.6,0,0
4630,0,0,0.28213,1,85,1,0,0,8372.23,1,1
4632,23.1299,5.6022,96.1771,0,65,1,1,1,82783.8,1,0
4633,0,0,3.26616,0,54,0,1,2,1370.08,0,1
4634,2.82611,0,40.2459,0,49,1,0,1,29894.4,0,0
4637,19.4281,0,91.7868,0,63,1,0,2,39753.3,0,0
4644,26.1203,9.52678,37.8863,1,54,0,0,1,11659.5,1,1
4645,14.573,0,38.2254,0,25,1,0,2,56861.8,0,0
4647,21.3511,0,45.7065,0,70,0,0,0,87788.7,1,1
4654,3.30551,0,36.6959,0,97,0,1,0,50290.7,0,1
4656,25.9264,0,77.2916,0,82,0,1,1,77265.5,0,1
4658,12.5618,0,73.2877,0,69,0,0,2,67773.9,0,0
4660,27.4526,0,8.1639,0,20,1,0,1,87491,0,0
4662,2.80398,0,69.7926,0,38,1,1,0,94002.6,0,0
4663,23.5009,4.91553,59.8503,0,21,0,1,0,64236.8,0,1
4668,5.1359,0,44.8074,0,20,0,1,2,3628.78,0,0
4672,7.26911,0,9.42943,0,94,1,0,2,22685.3,1,0
4682,23.2572,0,19.1882,0,26,1,0,2,14785.7,0,1
4684,13.301,7.38191,38.6944,0,65,0,1,1,23947.8,0,1
4687,16.9761,4.75417,97.0217,0,64,1,1,1,43644.7,1,0
4688,0.493403,0,51.8306,0,49,1,1,0,11131.6,1,0
4690,4.80209,8.00382,13.2451,0,74,1,1,1,60933.9,0,1
4691,28.9537,0,19.0575,0,50,0,0,2,21396.2,1,1
4694,0,0,4.32194,0,90,1,0,2,42504.3,0,1
4699,20.5699,0,39.6415,0,48,1,1,1,23668.2,1,0
4700,27.0841,0,15.1433,0,94,1,1,2,49022.9,0,0
4704,0,0,1.18068,1,87,1,0,1,85705.8,0,0
4713,0,0,0.829225,1,75,0,1,2,49561,0,1
4715,19.6533,0,7.9783,0,48,0,0,1,79129.2,0,1
4716,0,0,3.99324,0,94,0,1,2,14519.1,0,1
4717,19.2613,0,52.7809,0,30,0,1,1,17866.9,0,0
4720,5.72491,0,404.415,0,67,0,0,1,91347.1,0,1
4722,28.0461,0,66.6457,0,20,1,0,1,44469.6,1,0
4724,15.933,2.21089,73.073,0,68,0,1,0,73728.3,0,1
4725,0,0,4.10907,0,18,1,0,2,37443.6,0,1
4727,2.70698,0,115.744,0,53,0,1,2,64546.4,1,0
4728,20.2143,0,7.25671,0,23,1,0,1,84217.7,1,0
4735,29.7098,5.31209,202.438,0,47,0,1,1,63778.3,1,1
4738,0,0,3.80585,0,25,0,1,1,10107.7,1,1
4743,27.8993,0,6.57873,1,19,0,1,1,73089.7,1,0
4746,19.2852,0,59.4719,0,23,0,0,1,63712.1,0,0
4749,12.5616,0,53.4393,0,36,1,0,1,35381.6,0,0
4752,21.917,0,12.64,0,48,1,1,0,39598.7,0,0
4754,11.0224,0,49.8949,0,20,0,0,2,23671.6,0,1
4757,9.79117,0,13.6641,0,21,0,1,0,77210.6,0,0
4762,10.8235,0,36.745,0,61,1,0,2,66026,0,0
4767,0.459762,0,164.82,0,51,0,1,2,32118.4,0,1
4771,20.1251,0,92.634,0,56,1,0,2,86258.6,0,0
4772,14.6445,0,11.2063,1,48,0,1,2,85246.6,0,1
4778,4.43042,0,16.3546,1,29,1,1,2,98734.7,0,0
4779,6.261,0,43.9667,0,70,0,0,0,61639.7,0,1
4780,15.9968,3.05357,32.4862,1,93,1,0,1,14258.4,1,1
4784,22.6171,0,40.3436,2,85,0,0,1,23657.4,0,1
4791,10.2603,0,163.848,0,86,0,0,0,99514.6,1,1
4792,24.8356,0,81.9816,0,44,0,1,2,92285.4,0,0
4798,15.745,0,71.4309,0,82,1,1,0,40551,1,0
4801,2.76872,0,9.36447,0,45,1,1,0,70239.8,0,0
4802,19.3693,0,121.684,0,59,0,1,0,29953.1,0,1
4807,15.0754,0,108.435,0,50,1,1,0,19231.2,0,0
4808,13.4584,0,15.1058,0,94,1,1,0,50290.7,0,0
4811,1.52254,0,62.1922,0,56,1,1,2,46165.2,0,0
4812,26.9506,0,29.9675,0,55,0,0,0,54844.2,1,1
4815,5.3876,0,91.0687,0,94,0,1,1,66755.6,0,1
4817,8.332,7.09357,17.4064,1,56,1,0,1,92798.9,0,0
4820,0,0,0.660288,0,49,0,1,0,68828.4,1,1
4821,6.99588,0,36.0107,0,57,1,1,1,77149.1,0,0
4823,11.9678,0,124.638,0,70,1,1,1,42211.8,0,0
4824,9.50578,0,103.275,0,89,1,1,0,91655.8,0,0
4825,10.571,0,40.5105,0,18,1,1,0,77293.3,1,0
4828,13.1044,0,33.6984,0,65,0,1,1,62751.3,0,1
4830,17.4707,0,63.6491,0,41,0,1,1,43563.4,0,1
4832,27.5443,0,33.8251,0,61,0,1,1,79685,0,1
4837,14.8178,0,99.5185,0,83,1,0,1,65867.1,0,0
4838,18.7924,0,45.6261,1,48,1,1,1,75818.9,0,0
4839,1.15543,0.094418,77.7152,0,34,1,0,0,49728.7,0,0
4853,23.4943,0,41.3875,0,60,1,1,0,20953.2,0,0
4857,10.9806,9.57438,65.0322,0,64,0,1,2,56412.5,0,1
4859,25.152,0,62.7609,0,63,0,0,2,25200.8,0,0
4861,25.1405,0,88.0427,0,56,1,0,2,61417.3,1,0
4863,2.15714,0,226.998,0,41,0,1,1,47916.3,0,1
4870,16.8422,0,40.1604,0,41,0,1,0,45103.4,0,0
4874,11.8668,0,20.8546,0,25,1,1,0,94451.7,1,0
4875,1.33916,0,23.7734,0,85,1,0,0,57933.1,1,0
4880,18.8975,0,33.3164,0,95,1,1,0,585.791,0,0
4886,13.2274,0,26.8807,0,70,1,1,1,76837.4,0,0
4888,21.0646,0,8.95596,0,20,1,1,2,66312.2,1,0
4895,5.27355,0,59.6676,0,74,1,0,0,2825.56,0,0
4896,2.54159,0,52.6522,0,65,0,1,0,10391.1,0,1
4897,23.706,0,17.4142,0,59,1,1,2,40637.4,0,0
4898,11.6813,0,51.9201,0,57,1,1,2,66634.9,0,0
4907,21.011,0,37.8488,0,37,0,1,2,53162.2,1,0
4914,3.13203,0,25.0582,0,63,0,1,2,84342.2,0,0
4917,23.1328,0,21.7031,0,85,1,0,2,96929.8,0,0
4921,14.251,0,116.073,0,55,1,1,1,86537.4,1,0
4923,11.7031,0,13.9429,0,54,1,0,0,84754.4,0,0
4924,0,0,0.364402,0,25,1,1,0,4545.11,0,1
4927,28.796,4.91752,89.4648,0,67,1,1,0,81360.6,0,1
4929,18.876,0,105.811,0,82,0,1,2,89270.4,0,0
4935,6.31162,0,32.4956,1,53,1,1,2,50290.7,0,0
4936,27.4384,6.66221,39.6972,0,81,0,1,2,94159.9,0,1
4937,1.19248,0,22.6067,0,81,1,1,2,57898.5,0,0
4940,20.7972,0,11.9911,0,42,0,1,1,62126.4,1,1
4941,26.7287,0,57.1666,0,76,1,0,1,57091.6,1,0
4943,5.3977,8.13684,26.1651,0,63,1,0,1,75826.6,0,1
4945,1.26091,0,103.458,0,82,0,0,0,8604.64,0,1
4947,25.5221,0,102.531,0,50,1,1,0,73210.8,1,0
4950,27.6237,6.71145,35.0144,0,81,0,0,2,87872.9,1,1
4951,21.7946,0,26.0811,0,21,1,1,0,63671.3,1,0
4952,9.88931,0,53.0879,0,59,0,1,0,91427.2,0,1
4954,0,0,1.21425,0,20,0,1,2,84629.3,1,1
4955,25.6721,0,25.946,0,86,1,1,2,88392,0,0
4956,24.0269,0,129.429,0,90,1,0,0,8513.14,0,0
4957,2.04743,0,98.6194,0,63,1,0,2,16472.4,0,0
4959,0,0,1.68733,0,28,1,1,2,43053,0,1
4962,19.6519,0,146.405,0,80,0,1,2,83890.7,0,0
4963,13.9597,0,27.6899,0,34,1,0,2,9229.55,0,0
4965,14.7702,0,63.9008,0,56,0,1,0,58641.2,0,0
4969,12.5161,0,64.4643,0,37,0,1,2,11947.3,0,0
4977,14.6737,6.33231,15.9223,0,69,0,0,0,86735.5,0,0
4980,20.2971,0,40.8149,0,86,0,1,1,44773.7,1,1
4981,15.811,3.05423,45.1172,0,35,1,1,2,18345.3,1,1
4985,16.3558,0,26.8782,0,84,1,1,0,94243.8,0,0
4987,28.5556,0,14.0426,0,38,0,1,2,84653.1,1,0
4991,0,0,0.731089,0,75,0,1,0,41138.2,0,1
4993,0,0,1.10729,0,95,0,0,2,52997.5,1,1
4996,9.08244,7.04035,13.0395,0,70,0,1,1,85192.9,1,1
4998,22.6221,0,25.7631,0,37,1,1,0,11693.3,0,0
4999,21.5197,0,19.19,0,41,1,1,0,59898.4,0,0
